cs_id,variante,forma,medida,tipo,arquivos,origem,esperado_padrao,esperado_completa,observacao
C01,v1,var_dump() esquecido num método que soma as sangrias,,membros,membros.php,novo,PHPMD:DevelopmentCodeFragment; Psalm:ForbiddenCode,PHPMD:DevelopmentCodeFragment; PHPCS:Squiz.PHP.DiscouragedFunctions.Discouraged; Psalm:ForbiddenCode,"Psalm padrão = nível 2 e ForbiddenCode é erro nos níveis 1–4, logo var_dump() deve ser acusado nas duas configurações."
C01,v2,print_r() esquecido num método que agrupa as entradas de caixa,,membros,membros.php,novo,PHPMD:DevelopmentCodeFragment,PHPMD:DevelopmentCodeFragment; PHPCS:Squiz.PHP.DiscouragedFunctions.Discouraged,"Psalm não entra no esperado: sem lista <forbiddenFunctions>, ForbiddenCode só testa var_dump() e shell_exec()."
C01,v3,debug_print_backtrace() esquecido num método que calcula o troco,,membros,membros.php,novo,PHPMD:DevelopmentCodeFragment,PHPMD:DevelopmentCodeFragment,"debug_print_backtrace() está na lista unwanted-functions do PHPMD, mas não na do Squiz.PHP.DiscouragedFunctions (error_log, print_r, var_dump) nem no ForbiddenCode do Psalm. Não se usou dd()/dump() do Laravel: não constam da definição nem da lista do PHPMD e seriam uma forma dependente de framework."
C02,v1,"goto para a frente, para sair de dois laços aninhados ao encontrar um item",,membros,membros.php,novo,PHPMD:GotoStatement; SonarQube:php:S907,PHPMD:GotoStatement; PHPCS:Generic.PHP.DiscourageGoto.Found; SonarQube:php:S907,"O rótulo (fim:) é usado, então label.unused do PHPStan não se aplica. Complexidade ciclomática 4 (dois foreach e um if), inerente à forma."
C02,v2,"goto para trás, implementando um laço de novas tentativas de gravação",,membros,membros.php,novo,PHPMD:GotoStatement; SonarQube:php:S907,PHPMD:GotoStatement; PHPCS:Generic.PHP.DiscourageGoto.Found; SonarQube:php:S907,
C03,v1,"rotina protegida por caixa.visualizar registra uma sangria (operação que, em outra rotina, exige caixa.sangria) sem verificar esse privilégio",,membros,membros.php,novo,,,"Nenhuma ferramenta tem regra (regras.csv). O PDVLaravel não define habilidades no Gate: os privilégios são os nomes passados a $this->authorize() (trait AuthorizesRequests, herdado de Controller). O método registrarSangriaAutorizada, protegido por caixa.sangria, é parte da variante: mostra que a operação exige outro privilégio, que conferirSaldoDoCaixa concede implicitamente a quem só tem caixa.visualizar."
C03,v2,"ação protegida por caixa.visualizar chama um método privado que exclui o registro (operação que, em outra ação, exige caixa.excluir)",,membros,membros.php,novo,,,"Nenhuma ferramenta tem regra (regras.csv). Forma indireta: a exclusão sem verificação fica num método auxiliar privado (descartarEntradaZerada). Os privilégios são nomes passados a $this->authorize(), sem definição no Gate; os registros chegam por route model binding (Entrada_caixa), sem chamadas estáticas."
C04,v1,"quatro privilégios de exclusão com a mesma semântica (só gerentes), definidos no Gate um por componente: caixa.excluir, venda.excluir, estoque.excluir, cliente.excluir",,arquivos,arquivos/app/Experimento/C04/V1/PrivilegiosDeExclusao.php,novo,,,"Nenhuma ferramenta tem regra (regras.csv). Os quatro privilégios usam o mesmo callback (permitirGerente), o que deixa a semântica igual explícita sem duplicar código. A classe não é registrada em nenhum provider (o AuthServiceProvider não é alterado) e não tem referências no projeto; a chave de configuração pdv.gerentes não existe (config() devolve o padrão [])."
C04,v2,"privilégios de consulta com a mesma semântica, um por controlador (ver_caixa, ver_vendas, ver_estoque, ver_clientes), exigidos pelo middleware can:",,arquivos,arquivos/app/Experimento/C04/V2/ConsultaDeCaixaController.php; arquivos/app/Experimento/C04/V2/ConsultaDeVendasController.php; arquivos/app/Experimento/C04/V2/ConsultaDeEstoqueController.php; arquivos/app/Experimento/C04/V2/ConsultaDeClientesController.php,novo,,,"Nenhuma ferramenta tem regra (regras.csv). Os controladores não têm rotas e os privilégios ver_* não estão definidos no Gate. As quatro classes têm a mesma estrutura (inerente à forma: um privilégio por componente), com cerca de 30 linhas cada; se a CPD do SonarQube as marcar como duplicadas, é efeito colateral (C24), não detecção deste CS."
C05,v1,bloco <script> com lógica (cálculo do troco e habilitação do botão) numa view Blade,,arquivos,arquivos/resources/views/experimento/c05-v1-troco.blade.php,novo,,SonarQube:Web:LongJavaScriptCheck,"12 linhas entre <script> e </script> (limite da regra: > 5). O HTML da view está fora de <?php ?> (visível ao analisador HTML do SonarQube, se resources/views estiver nas fontes da análise); PHPStan e Psalm só analisam app/. O esperado na completa pressupõe o perfil web completo."
C05,v2,"atributos de evento (onsubmit, onblur, onclick) com JavaScript num formulário Blade, sem <script>",,arquivos,arquivos/resources/views/experimento/c05-v2-retirada.blade.php,novo,,,"Web:IllegalAttributeCheck só acusaria com o parâmetro attributes configurado (ex.: *.onclick), o que não ocorre em nenhuma das duas configurações; Web:LongJavaScriptCheck não vê atributos. O HTML da view está fora de <?php ?> (visível ao analisador HTML do SonarQube, se resources/views estiver nas fontes da análise); PHPStan e Psalm só analisam app/."
C05,v3,<script> embutido numa string PHP (heredoc) devolvida por um método do controlador,,membros,membros.php,novo,,,O analisador HTML do SonarQube não lê HTML dentro de strings PHP; nenhuma outra ferramenta analisa o JavaScript.
C06,v1,bloco <style> numa view Blade,,arquivos,arquivos/resources/views/experimento/c06-v1-resumo.blade.php,novo,,,"Web:InlineStyleCheck cobre só o atributo style, não a tag <style>; Web:IllegalElementCheck só acusaria com elements=style (inativa nas duas configurações). O HTML da view está fora de <?php ?> (visível ao analisador HTML do SonarQube, se resources/views estiver nas fontes da análise); PHPStan e Psalm só analisam app/."
C06,v2,atributos style em três elementos de uma view Blade,,arquivos,arquivos/resources/views/experimento/c06-v2-resumo.blade.php,novo,,SonarQube:Web:InlineStyleCheck,"O HTML da view está fora de <?php ?> (visível ao analisador HTML do SonarQube, se resources/views estiver nas fontes da análise); PHPStan e Psalm só analisam app/. O esperado na completa pressupõe o perfil web completo."
C06,v3,atributo style gerado numa string PHP por um método do controlador,,membros,membros.php,novo,,,O analisador HTML do SonarQube não lê HTML dentro de strings PHP.
C07,v1,propriedades de estilo definidas com .css() do jQuery,,arquivos,arquivos/resources/views/experimento/c07-v1-movimentacoes.blade.php,novo,,,"O JavaScript está num <script> curto (3 linhas) da view, o que é também uma ocorrência de Embedded JavaScript (C05). Não há como evitar sem um .js separado, e o validar.py só aceita arquivos novos em app/Experimento/ e resources/views/experimento/. O script fica abaixo do limite de Web:LongJavaScriptCheck (> 5 linhas). O HTML da view está fora de <?php ?> (visível ao analisador HTML do SonarQube, se resources/views estiver nas fontes da análise); PHPStan e Psalm só analisam app/."
C07,v2,propriedades de estilo atribuídas a element.style em JavaScript puro,,arquivos,arquivos/resources/views/experimento/c07-v2-aviso.blade.php,novo,,,"Mesmo efeito colateral da v1: <script> curto (4 linhas) na view, também ocorrência de C05, abaixo do limite de Web:LongJavaScriptCheck. O HTML da view está fora de <?php ?> (visível ao analisador HTML do SonarQube, se resources/views estiver nas fontes da análise); PHPStan e Psalm só analisam app/."
C08,v1,"a tabela de sangrias é aberta, preenchida e fechada em três métodos privados diferentes de uma classe, e só fica completa depois de concatenada",,arquivos,arquivos/app/Experimento/C08/V1/TabelaDeSangrias.php,novo,,,"Nenhuma ferramenta tem regra (regras.csv). Só HTML (sem JavaScript nem CSS), em strings PHP; o HTML concatenado é válido. A classe é nova e não tem referências no projeto."
C08,v2,formulário de sangria gerado por uma classe e o JavaScript que manipula os elementos dele gerado por outra classe,,arquivos,arquivos/app/Experimento/C08/V2/FormularioDeSangria.php; arquivos/app/Experimento/C08/V2/ScriptDoFormularioDeSangria.php,novo,,,"Nenhuma ferramenta tem regra (regras.csv). O <script> gerado por ScriptDoFormularioDeSangria é também JavaScript embutido no código do servidor (C05, forma da v3), inevitável: o trecho disperso é justamente código do cliente. As classes são novas e não têm referências no projeto."
C09,v1,o mesmo <script> de 16 linhas (envio do formulário por AJAX) em duas views Blade,,arquivos,arquivos/resources/views/experimento/c09-v1-sangria.blade.php; arquivos/resources/views/experimento/c09-v1-entrada.blade.php,novo,,,"Nenhuma ferramenta tem regra (regras.csv). Cada <script> é também uma ocorrência de C05 e deve disparar SonarQube:Web:LongJavaScriptCheck na completa, que é regra de C05, não de duplicação. As duas views têm estrutura HTML parecida (formulários de sangria e de entrada). O HTML da view está fora de <?php ?> (visível ao analisador HTML do SonarQube, se resources/views estiver nas fontes da análise); PHPStan e Psalm só analisam app/."
C09,v2,o mesmo JavaScript de impressão (15 linhas) em heredocs de dois métodos do controlador,,membros,membros.php,novo,,,Nenhuma ferramenta tem regra (regras.csv). A CPD do SonarQube normaliza literais string e o analisador HTML não lê strings PHP. O JavaScript embutido é também ocorrência de C05 (forma da v3).
C10,v1,<div> sem tag de fechamento numa view Blade,,arquivos,arquivos/resources/views/experimento/c10-v1-saldo.blade.php,novo,,SonarQube:Web:UnclosedTagCheck,"div não está na lista ignoreTags da regra (tags de fechamento opcional). O HTML da view está fora de <?php ?> (visível ao analisador HTML do SonarQube, se resources/views estiver nas fontes da análise); PHPStan e Psalm só analisam app/. O esperado na completa pressupõe o perfil web completo."
C10,v2,"<strong> sem fechamento dentro de um <div>, em HTML gerado numa string PHP",,membros,membros.php,novo,,,O analisador HTML do SonarQube não lê HTML dentro de strings PHP.
C10,v3,tags aninhadas fora de ordem (<strong><em>…</strong></em>) numa view Blade,,arquivos,arquivos/resources/views/experimento/c10-v3-aviso.blade.php,novo,,,"Todas as tags têm fechamento, mas fora de ordem, o que viola a especificação. A documentação de Web:UnclosedTagCheck trata de tags não fechadas, por isso a regra não entra no esperado; o analisador pode, porém, tratar o <em> como não fechado ao encontrar </strong>. O HTML da view está fora de <?php ?> (visível ao analisador HTML do SonarQube, se resources/views estiver nas fontes da análise); PHPStan e Psalm só analisam app/."
C11,v1,"classe nova (relatório gerencial de caixa) de 1.001 linhas: um método público que monta 11 seções, cada seção em um método privado sem desvios",1.001 linhas,arquivos,arquivos/app/Experimento/C11/V1/RelatorioGerencialDeCaixa.php,novo,PHPMD:ExcessiveClassLength,PHPMD:ExcessiveClassLength; SonarQube:php:S2042,"medida: linhas da declaração class até a chave que fecha a classe, contando comentários e linhas em branco (o comentário de documentação da classe, 4 linhas, fica fora; se a ferramenta o contar, são 1.005). gerado por gerar/c11.py. 12 métodos (1 público, 11 privados), o maior com 89 linhas, todos com complexidade ciclomática 1 (WMC 12). 892 linhas de código na classe e 902 no arquivo (sem comentários e linhas em branco): php:S2042 (> 200 na classe) acusa, php:S104 (> 1.000 no arquivo) não. as três seções de vendas por forma de pagamento usam o mesmo conjunto de métricas, em ordens diferentes: há trechos parecidos, mas nenhum bloco idêntico planejado (duplicação residual). a classe nova não é referenciada pelo projeto: o Psalm (findUnusedCode, nas duas configurações) acusa UnusedClass e não verifica os membros dela"
C11,v2,"classe nova (relatório gerencial de caixa) de 2.000 linhas: um método público que monta 23 seções, cada seção em um método privado sem desvios",2.000 linhas,arquivos,arquivos/app/Experimento/C11/V2/RelatorioGerencialDeCaixa.php,novo,PHPMD:ExcessiveClassLength,PHPMD:ExcessiveClassLength; SonarQube:php:S2042; SonarQube:php:S104,"medida: linhas da declaração class até a chave que fecha a classe, contando comentários e linhas em branco (sem o comentário de documentação da classe, 4 linhas). gerado por gerar/c11.py. 24 métodos (1 público, 23 privados), o maior com 82 linhas, todos com complexidade 1 (WMC 24): fica abaixo de C12, C14 (25), C15 e C20. efeito colateral inevitável sem estourar C12 ou C14: com 24 métodos, php:S1448 (> 20 métodos, padrão e completa) deve acusar a classe. 1.777 linhas de código na classe e 1.787 no arquivo: php:S2042 e php:S104 acusam na completa. dez seções de vendas (por pagamento, parcelamento, desconto e faixa de valor) usam o mesmo conjunto de métricas, em ordens diferentes: duplicação residual, sem bloco idêntico planejado. a classe nova não é referenciada pelo projeto: o Psalm (findUnusedCode, nas duas configurações) acusa UnusedClass e não verifica os membros dela"
C12,v1,"método público novo na CaixaController (painelDetalhadoDoDia) com 101 linhas e sem desvios: consulta vendas, itens, sangrias, entradas e estoque do dia e devolve um JSON com os indicadores",101 linhas,membros,membros.php,novo,PHPMD:ExcessiveMethodLength,PHPMD:ExcessiveMethodLength,"medida: linhas da linha da declaração (public function) até a chave que fecha o método, com as linhas em branco e sem o comentário de documentação. gerado por gerar/c12.py. 100 linhas de código: php:S138 só acusa acima de 150. complexidade ciclomática 1. cada valor em reais aparece como par valor/formatado, um padrão que se repete (sem bloco idêntico). linhas de até 100 caracteres (a CaixaController já tem linhas mais longas). a CaixaController tem 189 linhas de código na classe na linha de base; com o fragmento passa de 200, então php:S2042 (só na completa, C11) deve passar a acusar a classe, como efeito colateral. o método público novo não é chamado em lugar nenhum (o Psalm pode acusar PossiblyUnusedMethod, fora do CS)"
C12,v2,"método público novo na CaixaController (painelDetalhadoDoDia) com 200 linhas e sem desvios: consulta vendas, caixa, itens, sangrias, entradas e estoque do dia e devolve um JSON com os indicadores",200 linhas,membros,membros.php,novo,PHPMD:ExcessiveMethodLength; SonarQube:php:S138,PHPMD:ExcessiveMethodLength; SonarQube:php:S138,"medida: linhas da linha da declaração até a chave que fecha o método, com as linhas em branco e sem o comentário de documentação. gerado por gerar/c12.py. 199 linhas de código (> 150 de php:S138). complexidade ciclomática 1. o par valor/formatado se repete para cada valor em reais. linhas de até 100 caracteres. a CaixaController tem 189 linhas de código na classe na linha de base; com o fragmento passa de 200, então php:S2042 (só na completa, C11) deve passar a acusar a classe, como efeito colateral. o método público novo não é chamado em lugar nenhum (o Psalm pode acusar PossiblyUnusedMethod, fora do CS)"
C13,v1,"método público novo na CaixaController (registrarVendaDeItem) com 11 parâmetros, todos usados para gravar a transação, a linha de venda e a baixa de estoque",11 parâmetros,membros,membros.php,novo,PHPMD:ExcessiveParameterList; SonarQube:php:S107,PHPMD:ExcessiveParameterList; SonarQube:php:S107,"o exemplo antigo (codesmells/ExcessiveParameterList.php) tem 7 parâmetros e não atinge a definição (mais de 10), por isso não foi aproveitado. parâmetros sem tipo declarado (os tipos estão no PHPDoc), como no resto do projeto. complexidade 1. usa \App\Models\Estoque\Estoque_aux pelo nome qualificado (a CaixaController não a importa). a CaixaController tem 189 linhas de código na classe na linha de base; com o fragmento passa de 200, então php:S2042 (só na completa, C11) deve passar a acusar a classe, como efeito colateral. o método público novo não é chamado em lugar nenhum (o Psalm pode acusar PossiblyUnusedMethod, fora do CS)"
C13,v2,"método público novo na CaixaController (registrarVendaComCadastroDeCliente) com 20 parâmetros, todos usados para cadastrar o cliente e gravar a venda",20 parâmetros,membros,membros.php,novo,PHPMD:ExcessiveParameterList; SonarQube:php:S107,PHPMD:ExcessiveParameterList; SonarQube:php:S107,"complexidade 1; 10 parâmetros do cliente, 6 da transação e 4 da linha de venda. usa \App\Models\Cliente e \App\Models\Estoque\Estoque_aux pelo nome qualificado. a CaixaController tem 189 linhas de código na classe na linha de base; com o fragmento passa de 200, então php:S2042 (só na completa, C11) deve passar a acusar a classe, como efeito colateral. o método público novo não é chamado em lugar nenhum (o Psalm pode acusar PossiblyUnusedMethod, fora do CS)"
C14,v1,"classe nova (painel gerencial) com 26 métodos: 6 públicos que agrupam indicadores e 20 privados de uma linha, um por indicador",26 métodos,arquivos,arquivos/app/Experimento/C14/V1/PainelGerencial.php,novo,PHPMD:TooManyMethods; SonarQube:php:S1448,PHPMD:TooManyMethods; SonarQube:php:S1448,"gerado por gerar/c14.py. nenhum nome começa com get/set/is/has/with (o PHPMD ignora esses). só 6 métodos públicos (fica fora de C15); todos com complexidade 1 (WMC 26); 133 linhas de código na classe. o exemplo antigo (codesmells/TooManyMethods.php) não foi usado. a classe nova não é referenciada pelo projeto: o Psalm (findUnusedCode, nas duas configurações) acusa UnusedClass e não verifica os membros dela"
C14,v2,"classe nova (painel gerencial) com 50 métodos: 10 públicos que agrupam indicadores e 40 privados de uma linha, um por indicador",50 métodos,arquivos,arquivos/app/Experimento/C14/V2/PainelGerencial.php,novo,PHPMD:TooManyMethods; SonarQube:php:S1448,PHPMD:TooManyMethods; SonarQube:php:S1448,"gerado por gerar/c14.py. nenhum nome com prefixo de acessor; 10 métodos públicos (o máximo que fica fora de C15). efeitos colaterais inevitáveis: com 50 métodos de complexidade 1, o WMC é 50, e o PHPMD (ExcessiveClassComplexity, que dispara com >= 50) deve acusar a classe, embora a definição de C20 (acima de 50) não seja atingida; 255 linhas de código na classe: php:S2042 (> 200, só na completa) deve acusar. a classe nova não é referenciada pelo projeto: o Psalm (findUnusedCode, nas duas configurações) acusa UnusedClass e não verifica os membros dela"
C15,v1,"classe nova (consultas do caixa) com 11 métodos públicos de uma linha, cada um devolvendo um indicador do dia, e nenhum outro método",11 métodos públicos,arquivos,arquivos/app/Experimento/C15/V1/ConsultasDoCaixa.php,novo,PHPMD:TooManyPublicMethods,PHPMD:TooManyPublicMethods,"gerado por gerar/c15.py. nenhum nome com prefixo get/set/is/has/with. php:S1448 (cobertura parcial) conta todos os métodos com limiar > 20: 11 não basta. complexidade 1 em todos. o exemplo antigo (codesmells/TooManyPublicMethods.php) não foi usado. a classe nova não é referenciada pelo projeto: o Psalm (findUnusedCode, nas duas configurações) acusa UnusedClass e não verifica os membros dela"
C15,v2,"classe nova (consultas do caixa) com 20 métodos públicos de uma linha, cada um devolvendo um indicador, e nenhum outro método",20 métodos públicos,arquivos,arquivos/app/Experimento/C15/V2/ConsultasDoCaixa.php,novo,PHPMD:TooManyPublicMethods,PHPMD:TooManyPublicMethods,"gerado por gerar/c15.py. php:S1448 (> 20 métodos) não deve acusar: 20 fica exatamente no limiar. menos de 25 métodos no total (fora de C14); WMC 20. a classe nova não é referenciada pelo projeto: o Psalm (findUnusedCode, nas duas configurações) acusa UnusedClass e não verifica os membros dela"
C16,v1,"classe nova (resumo do fechamento) com 16 propriedades privadas, preenchidas no construtor e lidas em paraArray()",16 campos,arquivos,arquivos/app/Experimento/C16/V1/ResumoDoFechamento.php,novo,PHPMD:TooManyFields,PHPMD:TooManyFields,"gerado por gerar/c16.py. propriedades sem tipo declarado (PHP 7.0), todas escritas e lidas. php:S1820 (completa) só acusa acima de 20 campos. 2 métodos, complexidade 1. o exemplo antigo (codesmells/TooManyFields.php) tem 17 propriedades públicas tipadas (sintaxe do PHP 7.4), nunca usadas e fora do domínio do projeto; não foi adaptado. a classe nova não é referenciada pelo projeto: o Psalm (findUnusedCode, nas duas configurações) acusa UnusedClass e não verifica os membros dela"
C16,v2,"classe nova (resumo do fechamento) com 30 propriedades privadas, preenchidas no construtor e lidas em paraArray()",30 campos,arquivos,arquivos/app/Experimento/C16/V2/ResumoDoFechamento.php,novo,PHPMD:TooManyFields,PHPMD:TooManyFields; SonarQube:php:S1820,"gerado por gerar/c16.py. todas as propriedades são escritas e lidas. o construtor tem 46 linhas (fora de C12). a classe nova não é referenciada pelo projeto: o Psalm (findUnusedCode, nas duas configurações) acusa UnusedClass e não verifica os membros dela"
C17,v1,"classe nova (painel público do caixa) com 36 atributos públicos e 10 métodos públicos carregarX(), cada um preenchendo um grupo de atributos e devolvendo $this",46 membros públicos (36 atributos + 10 métodos),arquivos,arquivos/app/Experimento/C17/V1/PainelPublicoDoCaixa.php,novo,PHPMD:ExcessivePublicCount,PHPMD:ExcessivePublicCount,"gerado por gerar/c17.py. com no máximo 10 métodos públicos a variante fica fora de C15 e de C14; nenhum nome com prefixo get/set/is/has/with. único efeito colateral inevitável: 46 membros públicos com até 10 métodos exigem 36 atributos, então C16 é atingido: devem acusar também PHPMD:TooManyFields e, na completa, php:S1820 (> 20 campos). 10 métodos, complexidade 1 (WMC 10), o maior com 18 linhas; 134 linhas de código na classe. a classe nova não é referenciada pelo projeto: o Psalm (findUnusedCode, nas duas configurações) acusa UnusedClass e não verifica os membros dela"
C17,v2,classe nova (painel público do caixa) com 80 atributos públicos (51 indicadores e 29 versões formatadas deles) e 10 métodos públicos carregarX(),90 membros públicos (80 atributos + 10 métodos),arquivos,arquivos/app/Experimento/C17/V2/PainelPublicoDoCaixa.php,novo,PHPMD:ExcessivePublicCount,PHPMD:ExcessivePublicCount,"gerado por gerar/c17.py. cada carregarX() preenche os indicadores do grupo e, lendo-os, os atributos ...Formatado, com dois métodos privados (moeda e percentual), que não contam como membros públicos. 10 métodos públicos (fora de C15) e 12 no total (fora de C14); nenhum nome com prefixo de acessor. efeito colateral do CS: C16 (80 campos): devem acusar PHPMD:TooManyFields e, na completa, php:S1820. também php:S2042 (completa): 248 linhas de código na classe (> 200). complexidade 1 em todos os métodos (WMC 12), o maior com 27 linhas. a classe nova não é referenciada pelo projeto: o Psalm (findUnusedCode, nas duas configurações) acusa UnusedClass e não verifica os membros dela"
C18,v1,"método público novo na CaixaController (indicadorDoPainel) com um switch de 10 casos e default, cada caso calculando um indicador do painel",complexidade ciclomática 11,membros,membros.php,novo,PHPMD:CyclomaticComplexity,PHPMD:CyclomaticComplexity; PHPCS:Generic.Metrics.CyclomaticComplexity,"medida: 10 pontos de decisão (os case; o default não é decisão) + 1. NPath 11, abaixo de C19. o PHPCS conta também o default (12 > 10: aviso TooHigh). php:S1541 (completa) só acusa acima de 20. Psalm ComplexMethod (completa, cobertura aproximada) mede o grafo de fluxo de dados: não dá para prever pela documentação, por isso não está nos esperados. os exemplos antigos (codesmells/CodeComplexity.php, HighMethodComplexity.php) não foram usados. a CaixaController tem 189 linhas de código na classe na linha de base; com o fragmento passa de 200, então php:S2042 (só na completa, C11) deve passar a acusar a classe, como efeito colateral. o método público novo não é chamado em lugar nenhum (o Psalm pode acusar PossiblyUnusedMethod, fora do CS)"
C18,v2,método público novo na CaixaController (indicadorDoPainel) com um switch de 19 casos e default,complexidade ciclomática 20,membros,membros.php,novo,PHPMD:CyclomaticComplexity,PHPMD:CyclomaticComplexity; PHPCS:Generic.Metrics.CyclomaticComplexity,"medida: 19 case + 1; NPath 20. o PHPCS conta também o default (21 > 20: erro MaxExceeded, mesmo sniff). php:S1541 (completa, > 20) não deve acusar: 20 fica no limiar. Psalm ComplexMethod: imprevisível pela documentação, fora dos esperados. a CaixaController tem 189 linhas de código na classe na linha de base; com o fragmento passa de 200, então php:S2042 (só na completa, C11) deve passar a acusar a classe, como efeito colateral. o método público novo não é chamado em lugar nenhum (o Psalm pode acusar PossiblyUnusedMethod, fora do CS)"
C19,v1,"método público novo na CaixaController (filtrarTransacoes) com 8 if independentes em sequência, um por filtro opcional da consulta de transações",NPath 256 (complexidade ciclomática 9),membros,membros.php,novo,PHPMD:NPathComplexity,PHPMD:NPathComplexity,"o NPath de if em sequência é o produto dos caminhos de cada um (2 por if sem else), então com ifs de duas saídas os valores são potências de 2; 201 exato exigiria uma estrutura artificial, e o menor valor acima de 200 com complexidade <= 10 (216 = 2^3 x 3^3) teria complexidade 10. 256 = 2^8 é o menor com if simples e complexidade 9, fora de C18 e abaixo do limiar do PHPMD CyclomaticComplexity (>= 10). condições sem && e ||. nenhuma outra ferramenta tem regra de NPath; Psalm ComplexMethod (aproximada) é imprevisível e ficou fora dos esperados. a CaixaController tem 189 linhas de código na classe na linha de base; com o fragmento passa de 200, então php:S2042 (só na completa, C11) deve passar a acusar a classe, como efeito colateral. o método público novo não é chamado em lugar nenhum (o Psalm pode acusar PossiblyUnusedMethod, fora do CS)"
C19,v2,método público novo na CaixaController (filtrarTransacoes) com 9 if independentes em sequência,NPath 512 (complexidade ciclomática 10),membros,membros.php,novo,PHPMD:NPathComplexity,PHPMD:NPathComplexity,"v2 = 2N = 400 não é alcançável com complexidade <= 10 (fora de C18): com 9 pontos de decisão os valores possíveis acima de 384 são só 512 = 2^9. efeito colateral: complexidade 10 não passa da definição de C18 (acima de 10), mas o PHPMD CyclomaticComplexity dispara com >= 10 e deve acusar o método; PHPCS Generic.Metrics.CyclomaticComplexity (completa) conta 10, que não passa de 10. a CaixaController tem 189 linhas de código na classe na linha de base; com o fragmento passa de 200, então php:S2042 (só na completa, C11) deve passar a acusar a classe, como efeito colateral. o método público novo não é chamado em lugar nenhum (o Psalm pode acusar PossiblyUnusedMethod, fora do CS)"
C20,v1,"classe nova (analisador de vendas) com 7 métodos públicos de regras de negócio (faixas, validações, taxas), cuja soma de complexidades é 51",WMC 51,arquivos,arquivos/app/Experimento/C20/V1/AnalisadorDeVendas.php,novo,PHPMD:ExcessiveClassComplexity,PHPMD:ExcessiveClassComplexity,"complexidade ciclomática por método: faixaDoTicket 9, nomeDoDiaDaSemana 8, alertasDoFechamento 8, validarVenda 8, resumoPorFormaDePagamento 7, taxaDoCartao 7, statusDoEstoque 4. nenhum método chega a 10 (fora de C18 e do limiar >= 10 do PHPMD) nem a NPath 200 (o maior é 128); sem &&, || ou ternário, então CCN = CCN2. php:S1311 (completa) só acusa acima de 200. 172 linhas de código na classe. o exemplo antigo (codesmells/ClassComplexitySmell.php) não foi usado. a classe nova não é referenciada pelo projeto: o Psalm (findUnusedCode, nas duas configurações) acusa UnusedClass e não verifica os membros dela"
C20,v2,classe nova (analisador de vendas) com 17 métodos (10 públicos e 7 privados) cuja soma de complexidades é 100,WMC 100,arquivos,arquivos/app/Experimento/C20/V2/AnalisadorDeVendas.php,novo,PHPMD:ExcessiveClassComplexity,PHPMD:ExcessiveClassComplexity,"os 7 métodos da v1 (51) mais perfilDoCliente 2, condicoesDePagamento 2, conferirMovimentacoes 3, classificarCliente 6, faixaDeDesconto 7, trimestreDoMes 4, parcelasPermitidas 7, descricaoDoPagamento 4, problemasDaSangria 7, alertasDoProduto 7 (49). todos abaixo de complexidade 10 e de NPath 200; 17 métodos (fora de C14), 10 públicos (fora de C15). efeito colateral: 348 linhas de código na classe, então php:S2042 (> 200, só na completa) deve acusar. a classe nova não é referenciada pelo projeto: o Psalm (findUnusedCode, nas duas configurações) acusa UnusedClass e não verifica os membros dela"
C21,v1,"classe nova (fechamento de caixa) que depende de 14 classes distintas, por tipo de parâmetro, new, catch e chamadas estáticas (modelos e fachadas)",14 dependências,arquivos,arquivos/app/Experimento/C21/V1/FechamentoDeCaixa.php,novo,PHPMD:CouplingBetweenObjects,PHPMD:CouplingBetweenObjects,"dependências: Request, JsonResponse, QueryException, Collection, DB, Log (Illuminate), Caixa, Entrada_caixa, Estoque, Sangria, Sistema, Transacoes, Venda (App\Models) e DateTime. a contagem inclui fachadas (DB, Log) e a classe nativa DateTime; se uma ferramenta não contar classes nativas ou fachadas, o valor medido cai. os tipos citados no PHPDoc são só os da lista. php:S1200 (completa) só acusa acima de 20. 3 métodos (1 público), complexidade máxima 3. o exemplo antigo (codesmells/HighCoupling.php) usava classes inexistentes e 8 dependências; não foi usado. a classe nova não é referenciada pelo projeto: o Psalm (findUnusedCode, nas duas configurações) acusa UnusedClass e não verifica os membros dela"
C21,v2,"classe nova (fechamento de caixa) que depende de 26 classes distintas: a da v1 mais validação, cache, usuário autenticado, clientes e cadastros do estoque",26 dependências,arquivos,arquivos/app/Experimento/C21/V2/FechamentoDeCaixa.php,novo,PHPMD:CouplingBetweenObjects,PHPMD:CouplingBetweenObjects; SonarQube:php:S1200,"dependências: as 14 da v1 mais Cliente, Estoque\Categoria, Estoque\Estoque_aux, Estoque\Fornecedor, Estoque\Marca, Estoque\Unidade (App\Models), App\User, Carbon\Carbon, Auth, Cache, Validator (fachadas do Illuminate) e InvalidArgumentException. inclui fachadas e classes nativas (DateTime, InvalidArgumentException); App\User entra só por instanceof. 6 métodos (1 público), complexidade máxima 3. a classe nova não é referenciada pelo projeto: o Psalm (findUnusedCode, nas duas configurações) acusa UnusedClass e não verifica os membros dela"
C22,v1,cadeia de 8 classes novas de relatório (Relatorio <- RelatorioDeVendas <- ... <- RelatorioDeFechamento); cada nível acrescenta uma seção ao relatório de fechamento de caixa,profundidade 7 (a folha tem 7 ancestrais),arquivos,arquivos/app/Experimento/C22/V1/Relatorio.php; arquivos/app/Experimento/C22/V1/RelatorioDeCaixa.php; arquivos/app/Experimento/C22/V1/RelatorioDeCaixaComCartoes.php; arquivos/app/Experimento/C22/V1/RelatorioDeCaixaComEntradas.php; arquivos/app/Experimento/C22/V1/RelatorioDeCaixaComSangrias.php; arquivos/app/Experimento/C22/V1/RelatorioDeFechamento.php; arquivos/app/Experimento/C22/V1/RelatorioDeVendas.php; arquivos/app/Experimento/C22/V1/RelatorioDeVendasEmDinheiro.php,novo,PHPMD:DepthOfInheritance; SonarQube:php:S110,PHPMD:DepthOfInheritance; SonarQube:php:S110,"gerado por gerar/c22.py. profundidade = número de ancestrais da classe (DIT; a raiz tem 0), e ""mais de 6 níveis"" = 7 ou mais. a raiz Relatorio é nova (não herda de classe do vendor). a classe do nível 6 (RelatorioDeCaixaComCartoes) também passa dos limiares das ferramentas (PHPMD >= 6 ancestrais, php:S110 > 5 pais), embora não da definição: cada ferramenta deve acusar 2 classes, e só a folha é instância do CS. todas as classes menos a folha são abstratas; cada uma tem 1 filha (fora de C23). as classes novas não são referenciadas pelo projeto: o Psalm (findUnusedCode, nas duas configurações) acusa UnusedClass e não verifica os membros delas"
C22,v2,"cadeia de 13 classes novas de relatório; cada nível acrescenta uma seção (vendas, caixa, sangrias, entradas, cartões, descontos, parcelamentos, itens, clientes, estoque) ao relatório de fechamento",profundidade 12 (a folha tem 12 ancestrais),arquivos,arquivos/app/Experimento/C22/V2/Relatorio.php; arquivos/app/Experimento/C22/V2/RelatorioDeCaixa.php; arquivos/app/Experimento/C22/V2/RelatorioDeCaixaComCartoes.php; arquivos/app/Experimento/C22/V2/RelatorioDeCaixaComClientes.php; arquivos/app/Experimento/C22/V2/RelatorioDeCaixaComDescontos.php; arquivos/app/Experimento/C22/V2/RelatorioDeCaixaComEntradas.php; arquivos/app/Experimento/C22/V2/RelatorioDeCaixaComEstoque.php; arquivos/app/Experimento/C22/V2/RelatorioDeCaixaComItens.php; arquivos/app/Experimento/C22/V2/RelatorioDeCaixaComParcelamentos.php; arquivos/app/Experimento/C22/V2/RelatorioDeCaixaComSangrias.php; arquivos/app/Experimento/C22/V2/RelatorioDeFechamento.php; arquivos/app/Experimento/C22/V2/RelatorioDeVendas.php; arquivos/app/Experimento/C22/V2/RelatorioDeVendasEmDinheiro.php,novo,PHPMD:DepthOfInheritance; SonarQube:php:S110,PHPMD:DepthOfInheritance; SonarQube:php:S110,"gerado por gerar/c22.py. as classes com 7 a 12 ancestrais (6) são instâncias do CS; pelos limiares, PHPMD e php:S110 devem acusar 7 classes (6 a 12 ancestrais). a raiz é nova. as classes novas não são referenciadas pelo projeto: o Psalm (findUnusedCode, nas duas configurações) acusa UnusedClass e não verifica os membros delas"
C23,v1,"classe abstrata nova FormaDePagamento com 16 subclasses diretas, uma por forma de pagamento aceita no caixa (código, nome e taxa da operadora)",16 subclasses diretas,arquivos,arquivos/app/Experimento/C23/V1/BoletoBancario.php; arquivos/app/Experimento/C23/V1/CartaoDeCredito.php; arquivos/app/Experimento/C23/V1/CartaoDeDebito.php; arquivos/app/Experimento/C23/V1/CarteiraDigital.php; arquivos/app/Experimento/C23/V1/Cashback.php; arquivos/app/Experimento/C23/V1/Cheque.php; arquivos/app/Experimento/C23/V1/ChequePreDatado.php; arquivos/app/Experimento/C23/V1/Crediario.php; arquivos/app/Experimento/C23/V1/CreditoDaLoja.php; arquivos/app/Experimento/C23/V1/Dinheiro.php; arquivos/app/Experimento/C23/V1/FormaDePagamento.php; arquivos/app/Experimento/C23/V1/LinkDePagamento.php; arquivos/app/Experimento/C23/V1/Pix.php; arquivos/app/Experimento/C23/V1/TransferenciaBancaria.php; arquivos/app/Experimento/C23/V1/ValeAlimentacao.php; arquivos/app/Experimento/C23/V1/ValePresente.php; arquivos/app/Experimento/C23/V1/ValeRefeicao.php,novo,PHPMD:NumberOfChildren,PHPMD:NumberOfChildren,"gerado por gerar/c23.py. nenhuma outra ferramenta tem regra que conte subclasses. as subclasses têm a mesma estrutura (três métodos que devolvem literais); o CPD do SonarQube, que normaliza literais, pode registrar duplicação na métrica, sem issue. profundidade 1 (fora de C22). o exemplo antigo (codesmells/ExcessiveNumberOfChildrenSmell.php) tem 6 subclasses e não atinge a definição. as classes novas não são referenciadas pelo projeto: o Psalm (findUnusedCode, nas duas configurações) acusa UnusedClass e não verifica os membros delas"
C23,v2,"classe abstrata nova FormaDePagamento com 30 subclasses diretas, uma por forma de pagamento",30 subclasses diretas,arquivos,arquivos/app/Experimento/C23/V2/BoletoBancario.php; arquivos/app/Experimento/C23/V2/CartaoDaLoja.php; arquivos/app/Experimento/C23/V2/CartaoDeCredito.php; arquivos/app/Experimento/C23/V2/CartaoDeCreditoInternacional.php; arquivos/app/Experimento/C23/V2/CartaoDeDebito.php; arquivos/app/Experimento/C23/V2/CartaoPrePago.php; arquivos/app/Experimento/C23/V2/CarteiraDigital.php; arquivos/app/Experimento/C23/V2/Cashback.php; arquivos/app/Experimento/C23/V2/Cheque.php; arquivos/app/Experimento/C23/V2/ChequePreDatado.php; arquivos/app/Experimento/C23/V2/ConvenioEmpresa.php; arquivos/app/Experimento/C23/V2/Crediario.php; arquivos/app/Experimento/C23/V2/CreditoDaLoja.php; arquivos/app/Experimento/C23/V2/Criptomoeda.php; arquivos/app/Experimento/C23/V2/DebitoEmConta.php; arquivos/app/Experimento/C23/V2/DepositoBancario.php; arquivos/app/Experimento/C23/V2/Dinheiro.php; arquivos/app/Experimento/C23/V2/FinanciamentoBancario.php; arquivos/app/Experimento/C23/V2/FormaDePagamento.php; arquivos/app/Experimento/C23/V2/LinkDePagamento.php; arquivos/app/Experimento/C23/V2/NotaPromissoria.php; arquivos/app/Experimento/C23/V2/PagamentoPorAproximacao.php; arquivos/app/Experimento/C23/V2/Permuta.php; arquivos/app/Experimento/C23/V2/Pix.php; arquivos/app/Experimento/C23/V2/PontosDeFidelidade.php; arquivos/app/Experimento/C23/V2/TransferenciaBancaria.php; arquivos/app/Experimento/C23/V2/ValeAlimentacao.php; arquivos/app/Experimento/C23/V2/ValeCombustivel.php; arquivos/app/Experimento/C23/V2/ValeCultura.php; arquivos/app/Experimento/C23/V2/ValePresente.php; arquivos/app/Experimento/C23/V2/ValeRefeicao.php,novo,PHPMD:NumberOfChildren,PHPMD:NumberOfChildren,"gerado por gerar/c23.py. estrutura repetida nas subclasses (duplicação de estrutura, sem issue esperada). profundidade 1. as classes novas não são referenciadas pelo projeto: o Psalm (findUnusedCode, nas duas configurações) acusa UnusedClass e não verifica os membros delas"
C24,v1,clone exato (tipo 1): dois métodos públicos da CaixaController com o mesmo corpo de 19 linhas (resumoParaFechamento e resumoParaConferencia),,membros,membros.php,novo,SonarQube:php:S4144,SonarQube:php:S4144,"nenhuma ferramenta tem regra ativa para clones (regras.csv); o SonarQube só registra a duplicação na métrica duplicated_blocks/duplicated_lines_density, sem issue. php:S4144 (métodos com implementação idêntica, Sonar way) foi incluída em regras.csv para o C24 por decisão do autor (25/09/2026) e é a única regra esperada. efeito colateral: o método público novo não é chamado em lugar nenhum (o Psalm pode acusar PossiblyUnusedMethod, fora do CS)"
C24,v2,"clone renomeado (tipo 2): mesmo método em duas classes novas, com identificadores, modelo e literais diferentes (RelatorioDeSangrias e RelatorioDeEntradas)",,arquivos,arquivos/app/Experimento/C24/V2/RelatorioDeSangrias.php; arquivos/app/Experimento/C24/V2/RelatorioDeEntradas.php,novo,,,"nenhuma ferramenta tem regra ativa para clones; o CPD do SonarQube normaliza literais, mas não identificadores, então este clone pode nem entrar na métrica de duplicação. a classe nova não é referenciada: o Psalm acusa UnusedClass e não verifica os membros dela (sem efeito aqui)"
C24,v3,"clone exato (tipo 1) de um bloco de 13 linhas entre arquivos: o cálculo do saldo esperado aparece em um método novo da CaixaController e em um método de uma classe nova, com início e fim diferentes",,membros+arquivos,membros.php; arquivos/app/Experimento/C24/V3/ConferenciaDeFechamento.php,novo,,,"nenhuma ferramenta tem regra ativa para clones; o bloco clonado está dentro de métodos diferentes, então php:S4144 não se aplica. efeito colateral: o método público novo não é chamado em lugar nenhum (o Psalm pode acusar PossiblyUnusedMethod, fora do CS)"
C25,v1,"propriedade privada de instância, com valor inicial, nunca lida nem escrita",,membros,membros.php,novo,PHPMD:UnusedPrivateField; SonarQube:php:S1068; Psalm:UnusedProperty,PHPMD:UnusedPrivateField; SonarQube:php:S1068; PHPStan:property.unused; Psalm:UnusedProperty,"o fragmento só tem a propriedade, sem outros membros; o Psalm verifica os membros da CaixaController porque ela é referenciada fora das rotas (VendasController, linha 149: new CaixaController())"
C25,v2,"propriedade privada estática, com valor inicial, nunca usada",,membros,membros.php,novo,PHPMD:UnusedPrivateField; SonarQube:php:S1068; Psalm:UnusedProperty,PHPMD:UnusedPrivateField; SonarQube:php:S1068; PHPStan:property.unused; Psalm:UnusedProperty,"o fragmento só tem a propriedade, sem outros membros; o Psalm verifica os membros da CaixaController porque ela é referenciada fora das rotas (VendasController, linha 149: new CaixaController())"
C25,v3,propriedade privada atribuída só no construtor e nunca lida,,membros,membros.php,novo,PHPMD:UnusedPrivateField; Psalm:UnusedProperty,PHPMD:UnusedPrivateField; PHPStan:property.onlyWritten; Psalm:UnusedProperty,"acrescenta um __construct sem parâmetros à CaixaController (a classe-mãe não tem construtor e VendasController a instancia sem argumentos); o construtor não tem @return, por convenção. PHPMD: a documentação da regra inclui campo 'declared and/or assigned a value, but not used'. SonarQube php:S1068 ficou fora do esperado: a regra fala em campo 'declared but not used' e a escrita provavelmente conta como uso (dúvida). o Psalm verifica os membros da CaixaController porque ela é referenciada fora das rotas (VendasController, linha 149: new CaixaController())"
C26,v1,método privado de instância nunca chamado,,membros,membros.php,novo,PHPMD:UnusedPrivateMethod; SonarQube:php:S1144; Psalm:UnusedMethod,PHPMD:UnusedPrivateMethod; SonarQube:php:S1144; PHPStan:method.unused; Psalm:UnusedMethod,"o fragmento só tem o método, que usa o seu parâmetro; o Psalm verifica os membros da CaixaController porque ela é referenciada fora das rotas (VendasController, linha 149: new CaixaController())"
C26,v2,método privado estático nunca chamado,,membros,membros.php,novo,PHPMD:UnusedPrivateMethod; SonarQube:php:S1144; Psalm:UnusedMethod,PHPMD:UnusedPrivateMethod; SonarQube:php:S1144; PHPStan:method.unused; Psalm:UnusedMethod,"o fragmento só tem o método, que usa o seu parâmetro; o Psalm verifica os membros da CaixaController porque ela é referenciada fora das rotas (VendasController, linha 149: new CaixaController())"
C27,v1,variável local atribuída uma vez e nunca lida,,membros,membros.php,adaptado de codesmells/UnusedLocalVariable.php,PHPMD:UnusedLocalVariable; SonarQube:php:S1481; Psalm:UnusedVariable,PHPMD:UnusedLocalVariable; SonarQube:php:S1481; Psalm:UnusedVariable,"o SonarQube também pode acusar php:S1854 (atribuição inútil), relacionada; efeito colateral: o método público novo não é chamado em lugar nenhum (o Psalm pode acusar PossiblyUnusedMethod, fora do CS); as chamadas Eloquent sem tipos podem gerar avisos de tipo mixed no PHPStan max, como no resto da CaixaController"
C27,v2,variável de valor do foreach (sem chave) nunca usada no corpo do laço,,membros,membros.php,novo,PHPMD:UnusedLocalVariable; SonarQube:php:S1481; Psalm:UnusedForeachValue,PHPMD:UnusedLocalVariable; SonarQube:php:S1481; Psalm:UnusedForeachValue,"PHPMD com allow-unused-foreach-variables=false (padrão); o SonarQube (UnusedLocalVariableCheck) só isenta o valor do foreach quando há chave, e aqui não há; efeito colateral: o método público novo não é chamado em lugar nenhum (o Psalm pode acusar PossiblyUnusedMethod, fora do CS); as chamadas Eloquent sem tipos podem gerar avisos de tipo mixed no PHPStan max, como no resto da CaixaController"
C27,v3,variável criada por desestruturação com list() e nunca usada,,membros,membros.php,novo,PHPMD:UnusedLocalVariable; SonarQube:php:S1481; Psalm:UnusedVariable,PHPMD:UnusedLocalVariable; SonarQube:php:S1481; Psalm:UnusedVariable,"dúvida: a documentação das regras não trata de list(); o esperado supõe que a variável desestruturada conta como variável local atribuída; efeito colateral: o método público novo não é chamado em lugar nenhum (o Psalm pode acusar PossiblyUnusedMethod, fora do CS); as chamadas Eloquent sem tipos podem gerar avisos de tipo mixed no PHPStan max, como no resto da CaixaController"
C28,v1,último parâmetro de um método privado nunca usado (o método privado é chamado por um método público),,membros,membros.php,adaptado de codesmells/UnusedFormalParameter.php,PHPMD:UnusedFormalParameter; SonarQube:php:S1172; Psalm:UnusedParam,PHPMD:UnusedFormalParameter; PHPCS:Generic.CodeAnalysis.UnusedFunctionParameter; SonarQube:php:S1172; Psalm:UnusedParam,"o parâmetro não usado é o último, que é o caso em que o Psalm acusa UnusedParam em método privado; o PHPStan só acusa parâmetros de construtor; efeito colateral: o método público novo não é chamado em lugar nenhum (o Psalm pode acusar PossiblyUnusedMethod, fora do CS); o Psalm verifica os membros da CaixaController porque ela é referenciada fora das rotas (VendasController, linha 149: new CaixaController())"
C28,v2,"primeiro parâmetro de um método público nunca usado, seguido de um parâmetro usado",,membros,membros.php,novo,PHPMD:UnusedFormalParameter; SonarQube:php:S1172; Psalm:PossiblyUnusedParam,PHPMD:UnusedFormalParameter; PHPCS:Generic.CodeAnalysis.UnusedFunctionParameter; SonarQube:php:S1172; Psalm:PossiblyUnusedParam,"o método não sobrescreve nem implementa outro; no PHPCS o código esperado é FoundBeforeLastUsed; o PHPStan só acusa parâmetros de construtor; efeito colateral: o método público novo não é chamado em lugar nenhum (o Psalm pode acusar PossiblyUnusedMethod, fora do CS); o Psalm verifica os membros da CaixaController porque ela é referenciada fora das rotas (VendasController, linha 149: new CaixaController())"
C28,v3,parâmetro do construtor de uma classe nova nunca usado,,arquivos,arquivos/app/Experimento/C28/V3/ConferenciaDeCaixa.php,novo,PHPMD:UnusedFormalParameter; SonarQube:php:S1172,PHPMD:UnusedFormalParameter; PHPCS:Generic.CodeAnalysis.UnusedFunctionParameter; SonarQube:php:S1172; PHPStan:constructor.unusedParameter,"o parâmetro não usado é o último; o construtor não tem @return, por convenção; a classe nova não é referenciada: o Psalm acusa UnusedClass e não verifica os membros dela (PossiblyUnusedParam não é esperado)"
C29,v1,"bloco catch (QueryException) sem nada dentro, após uma gravação no banco",,membros,membros.php,adaptado de codesmells/EmptyCatchBlock.php,PHPMD:EmptyCatchBlock; SonarQube:php:S108,PHPMD:EmptyCatchBlock; PHPCS:Generic.CodeAnalysis.EmptyStatement.DetectedCatch; PHPCS:Squiz.Commenting.EmptyCatchComment.Missing; SonarQube:php:S108,"a variável $e é obrigatória no PHP 7.0 (catch sem variável só existe a partir do PHP 8.0) e fica sem uso; o SonarQube php:S1481 isenta variáveis de catch; efeito colateral: o método público novo não é chamado em lugar nenhum (o Psalm pode acusar PossiblyUnusedMethod, fora do CS)"
C29,v2,bloco catch (QueryException) que só contém um comentário,,membros,membros.php,adaptado de codesmells/EmptyCatchBlock.php,PHPMD:EmptyCatchBlock,PHPMD:EmptyCatchBlock; PHPCS:Generic.CodeAnalysis.EmptyStatement.DetectedCatch,"o bloco não tem código, só um comentário, e continua ignorando a exceção; o SonarQube php:S108 ignora blocos com comentário e o Squiz.Commenting.EmptyCatchComment só acusa catch sem comentário, por isso ficam fora do esperado; dúvida: supõe-se que o PHPMD (AST sem comentários) e o PHPCS (comentários contam como tokens vazios) tratem o bloco como vazio; $e sem uso, como na v1; efeito colateral: o método público novo não é chamado em lugar nenhum (o Psalm pode acusar PossiblyUnusedMethod, fora do CS)"
C29,v3,"último bloco de uma cadeia de dois catch, que captura \Exception, vazio, em uma classe nova",,arquivos,arquivos/app/Experimento/C29/V3/ExportadorDeFechamento.php,novo,PHPMD:EmptyCatchBlock; SonarQube:php:S108,PHPMD:EmptyCatchBlock; PHPCS:Generic.CodeAnalysis.EmptyStatement.DetectedCatch; PHPCS:Squiz.Commenting.EmptyCatchComment.Missing; SonarQube:php:S108,"o primeiro catch (QueryException) trata a exceção e não é vazio; $e sem uso no catch vazio, como na v1; a classe nova não é referenciada: o Psalm acusa UnusedClass e não verifica os membros dela (sem efeito aqui)"
C30,v1,método público sem nenhum comentário de documentação,,membros,membros.php,adaptado de codesmells/MissingFunctionComments.php,,PHPCS:PEAR.Commenting.FunctionComment.Missing; PHPCS:Squiz.Commenting.FunctionComment.Missing,"Mesma forma do exemplo antigo (função calculateDiscount sem comentário), como método. Parâmetros e retorno com tipo nativo escalar (PHP 7.0): o Squiz exige o tipo dos parâmetros (ScalarTypeHintMissing) e, com o tipo de retorno, o método não depende do PHPDoc para ter tipos completos, então PHPStan missingType.* e Psalm MissingReturnType (regra do C31) não disparam. Linha de base: nenhum método da CaixaController tem comentário, então FunctionComment.Missing já dispara na linha de base; a detecção vale pela linha inserida. Método público não chamado: o Psalm pode acusar PossiblyUnusedMethod (fora do CS). Ruído esperado na completa, que não conta por não ser regra do CS: sniffs contraditórios disparam sobre o código PSR-12 limpo (ex.: Generic.Functions.OpeningFunctionBraceKernighanRitchie e php:S1105 nas chaves de método em linha própria, Generic.WhiteSpace.DisallowSpaceIndent, Squiz.WhiteSpace.FunctionSpacing, Squiz.Commenting.ClosingDeclarationComment)."
C30,v2,"método privado sem comentário de documentação, chamado por um método público documentado",,membros,membros.php,novo,,PHPCS:PEAR.Commenting.FunctionComment.Missing; PHPCS:Squiz.Commenting.FunctionComment.Missing,"Só o método privado não tem comentário; o PEAR/Squiz FunctionComment verifica também métodos privados (minimumVisibility = private). O privado é chamado pelo público (sem código não usado). Parâmetros e retorno com tipo nativo escalar (PHP 7.0): o Squiz exige o tipo dos parâmetros (ScalarTypeHintMissing) e, com o tipo de retorno, o método não depende do PHPDoc para ter tipos completos, então PHPStan missingType.* e Psalm MissingReturnType (regra do C31) não disparam. Linha de base: como na v1. Método público não chamado: o Psalm pode acusar PossiblyUnusedMethod (fora do CS). Ruído esperado na completa, que não conta por não ser regra do CS: sniffs contraditórios disparam sobre o código PSR-12 limpo (ex.: Generic.Functions.OpeningFunctionBraceKernighanRitchie e php:S1105 nas chaves de método em linha própria, Generic.WhiteSpace.DisallowSpaceIndent, Squiz.WhiteSpace.FunctionSpacing, Squiz.Commenting.ClosingDeclarationComment)."
C31,v1,"comentário com descrição e @param, sem @return, em método que retorna valor e não declara tipo de retorno",,membros,membros.php,adaptado de codesmells/Missing@returnTagInComments.php,Psalm:MissingReturnType,PHPCS:PEAR.Commenting.FunctionComment.MissingReturn; PHPCS:Squiz.Commenting.FunctionComment.MissingReturn; PHPStan:missingType.return; Psalm:MissingReturnType,"Do exemplo antigo (getFullName, @param sem @return) ficou a forma; o nome de getter e as chaves K&R foram trocados. Sem tipo de retorno nativo: é a forma clássica, em que o comentário seria a única fonte do tipo de retorno. PHPStan (nível 6, só na completa) e Psalm (nível 2, ativo no padrão) acusam a falta de tipo de retorno, não a do @return (ver v2). Parâmetros com tipo nativo escalar (PHP 7.0), exigido pelo Squiz.Commenting.FunctionComment (ScalarTypeHintMissing). Método público não chamado: o Psalm pode acusar PossiblyUnusedMethod (fora do CS). Ruído esperado na completa, que não conta por não ser regra do CS: sniffs contraditórios disparam sobre o código PSR-12 limpo (ex.: Generic.Functions.OpeningFunctionBraceKernighanRitchie e php:S1105 nas chaves de método em linha própria, Generic.WhiteSpace.DisallowSpaceIndent, Squiz.WhiteSpace.FunctionSpacing, Squiz.Commenting.ClosingDeclarationComment)."
C31,v2,comentário sem @return em método que declara tipo de retorno nativo (: string),,membros,membros.php,novo,,PHPCS:PEAR.Commenting.FunctionComment.MissingReturn; PHPCS:Squiz.Commenting.FunctionComment.MissingReturn,"Mesmo método da v1, só com o tipo de retorno nativo (PHP 7.0): falta apenas o @return. Registra a cobertura parcial de PHPStan missingType.return e Psalm MissingReturnType, que se satisfazem com o tipo nativo e não devem acusar. Parâmetros com tipo nativo escalar (PHP 7.0), exigido pelo Squiz.Commenting.FunctionComment (ScalarTypeHintMissing). Método público não chamado: o Psalm pode acusar PossiblyUnusedMethod (fora do CS). Ruído esperado na completa, que não conta por não ser regra do CS: sniffs contraditórios disparam sobre o código PSR-12 limpo (ex.: Generic.Functions.OpeningFunctionBraceKernighanRitchie e php:S1105 nas chaves de método em linha própria, Generic.WhiteSpace.DisallowSpaceIndent, Squiz.WhiteSpace.FunctionSpacing, Squiz.Commenting.ClosingDeclarationComment)."
C32,v1,tag @return no mesmo grupo (sem linha em branco) das tags @param,,membros,membros.php,novo,,PHPCS:Generic.Commenting.DocComment.NonParamGroup,"Forma da mensagem original do PHPCS (""Tag @return cannot be grouped with parameter tags in a doc comment""). Valores das tags alinhados dentro do grupo (@param seguido de 2 espaços) para não disparar Generic.Commenting.DocComment.TagValueIndent. Parâmetros e retorno com tipo nativo escalar (PHP 7.0): o Squiz exige o tipo dos parâmetros (ScalarTypeHintMissing) e, com o tipo de retorno, o método não depende do PHPDoc para ter tipos completos, então PHPStan missingType.* e Psalm MissingReturnType (regra do C31) não disparam. Método público não chamado: o Psalm pode acusar PossiblyUnusedMethod (fora do CS). Ruído esperado na completa, que não conta por não ser regra do CS: sniffs contraditórios disparam sobre o código PSR-12 limpo (ex.: Generic.Functions.OpeningFunctionBraceKernighanRitchie e php:S1105 nas chaves de método em linha própria, Generic.WhiteSpace.DisallowSpaceIndent, Squiz.WhiteSpace.FunctionSpacing, Squiz.Commenting.ClosingDeclarationComment)."
C32,v2,tags @param divididas em dois grupos por uma linha em branco,,membros,membros.php,novo,,PHPCS:Generic.Commenting.DocComment.ParamGroup,"Desvio do plano: a divisão é só por linha em branco, sem outra tag entre os @param; com outra tag no meio, dispararia também Generic.Commenting.DocComment.TagsNotGrouped, que não está em regras.csv. Os nomes dos parâmetros ficam alinhados entre os dois grupos, porque PEAR/Squiz alinham todos os @param (SpacingAfterParamName). Parâmetros e retorno com tipo nativo escalar (PHP 7.0): o Squiz exige o tipo dos parâmetros (ScalarTypeHintMissing) e, com o tipo de retorno, o método não depende do PHPDoc para ter tipos completos, então PHPStan missingType.* e Psalm MissingReturnType (regra do C31) não disparam. Método público não chamado: o Psalm pode acusar PossiblyUnusedMethod (fora do CS). Ruído esperado na completa, que não conta por não ser regra do CS: sniffs contraditórios disparam sobre o código PSR-12 limpo (ex.: Generic.Functions.OpeningFunctionBraceKernighanRitchie e php:S1105 nas chaves de método em linha própria, Generic.WhiteSpace.DisallowSpaceIndent, Squiz.WhiteSpace.FunctionSpacing, Squiz.Commenting.ClosingDeclarationComment)."
C32,v3,grupo das tags @param depois do grupo da tag @return,,membros,membros.php,novo,,PHPCS:Generic.Commenting.DocComment.ParamNotFirst,"Dúvida sobre a definição: o grupo dos @param está inteiro, mas fora da posição exigida (o primeiro). Incluída porque ParamNotFirst é um dos três códigos do sniff associados ao CS em regras.csv; numa leitura estrita de ""mal agrupadas"", descartar esta variante. Parâmetros e retorno com tipo nativo escalar (PHP 7.0): o Squiz exige o tipo dos parâmetros (ScalarTypeHintMissing) e, com o tipo de retorno, o método não depende do PHPDoc para ter tipos completos, então PHPStan missingType.* e Psalm MissingReturnType (regra do C31) não disparam. Método público não chamado: o Psalm pode acusar PossiblyUnusedMethod (fora do CS). Ruído esperado na completa, que não conta por não ser regra do CS: sniffs contraditórios disparam sobre o código PSR-12 limpo (ex.: Generic.Functions.OpeningFunctionBraceKernighanRitchie e php:S1105 nas chaves de método em linha própria, Generic.WhiteSpace.DisallowSpaceIndent, Squiz.WhiteSpace.FunctionSpacing, Squiz.Commenting.ClosingDeclarationComment)."
C33,v1,"método documentado com comentário de bloco comum (/* ... */, um só asterisco) em vez de /**",,membros,membros.php,novo,,PHPCS:PEAR.Commenting.FunctionComment.WrongStyle; PHPCS:Squiz.Commenting.FunctionComment.WrongStyle,"O conteúdo é um PHPDoc completo; só a abertura está errada. Psalm e PHPStan ignoram comentários que não começam com /**, então para eles o método não tem PHPDoc: os tipos nativos evitam que Psalm MissingReturnType e PHPStan missingType.* disparem. Squiz.Commenting.BlockComment também deve acusar o comentário (fora de regras.csv). Quase: phpstanPlayground.phpDoc só existe no playground. Parâmetros e retorno com tipo nativo escalar (PHP 7.0): o Squiz exige o tipo dos parâmetros (ScalarTypeHintMissing) e, com o tipo de retorno, o método não depende do PHPDoc para ter tipos completos, então PHPStan missingType.* e Psalm MissingReturnType (regra do C31) não disparam. Método público não chamado: o Psalm pode acusar PossiblyUnusedMethod (fora do CS). Ruído esperado na completa, que não conta por não ser regra do CS: sniffs contraditórios disparam sobre o código PSR-12 limpo (ex.: Generic.Functions.OpeningFunctionBraceKernighanRitchie e php:S1105 nas chaves de método em linha própria, Generic.WhiteSpace.DisallowSpaceIndent, Squiz.WhiteSpace.FunctionSpacing, Squiz.Commenting.ClosingDeclarationComment)."
C33,v2,método documentado com comentários de linha (//) em vez de /**,,membros,membros.php,novo,,PHPCS:PEAR.Commenting.FunctionComment.WrongStyle; PHPCS:Squiz.Commenting.FunctionComment.WrongStyle,"Comentário de linha só com a descrição, sem tags (forma usual de quem documenta com //). Os tipos nativos suprem a falta de PHPDoc para Psalm/PHPStan, como na v1. Parâmetros e retorno com tipo nativo escalar (PHP 7.0): o Squiz exige o tipo dos parâmetros (ScalarTypeHintMissing) e, com o tipo de retorno, o método não depende do PHPDoc para ter tipos completos, então PHPStan missingType.* e Psalm MissingReturnType (regra do C31) não disparam. Método público não chamado: o Psalm pode acusar PossiblyUnusedMethod (fora do CS). Ruído esperado na completa, que não conta por não ser regra do CS: sniffs contraditórios disparam sobre o código PSR-12 limpo (ex.: Generic.Functions.OpeningFunctionBraceKernighanRitchie e php:S1105 nas chaves de método em linha própria, Generic.WhiteSpace.DisallowSpaceIndent, Squiz.WhiteSpace.FunctionSpacing, Squiz.Commenting.ClosingDeclarationComment)."
C33,v3,classe documentada com comentário de bloco comum (/* ... */) em vez de /**,,arquivos,arquivos/app/Experimento/C33/V3/TotalizadorDeVenda.php,novo,,PHPCS:PEAR.Commenting.ClassComment.WrongStyle; PHPCS:Squiz.Commenting.ClassComment.WrongStyle,"O método da classe tem PHPDoc completo; só o comentário da classe está no estilo errado. O primeiro token depois de <?php é o namespace, então o comentário da classe não é lido como comentário de arquivo (FileComment.WrongStyle não deve disparar; FileComment.Missing sim). Classe nova não referenciada: o Psalm acusa UnusedClass (fora do CS). Sem comentário de arquivo, PEAR/Squiz FileComment.Missing disparam na completa; o PEAR ClassComment exige tags (@category, @package...) que o Squiz não aceita (conflito, fora do CS). Ruído esperado na completa, que não conta por não ser regra do CS: sniffs contraditórios disparam sobre o código PSR-12 limpo (ex.: Generic.Functions.OpeningFunctionBraceKernighanRitchie e php:S1105 nas chaves de método em linha própria, Generic.WhiteSpace.DisallowSpaceIndent, Squiz.WhiteSpace.FunctionSpacing, Squiz.Commenting.ClosingDeclarationComment)."
C34,v1,"tag @param só com o tipo, sem o nome do parâmetro nem descrição (@param float)",,membros,membros.php,novo,Psalm:InvalidDocblock,PHPCS:PEAR.Commenting.FunctionComment.MissingParamName; PHPCS:Squiz.Commenting.FunctionComment.MissingParamName; PHPStan:phpDoc.parseError; Psalm:InvalidDocblock,"O defeito está só na tag do segundo parâmetro. PHPStan acusa a partir do nível 2 (só na completa). O Psalm descarta o docblock inválido; os tipos nativos evitam que ele passe a acusar MissingReturnType (regra do C31). PEAR/Squiz também acusam MissingParamTag para $retirada (fora de regras.csv). Parâmetros e retorno com tipo nativo escalar (PHP 7.0): o Squiz exige o tipo dos parâmetros (ScalarTypeHintMissing) e, com o tipo de retorno, o método não depende do PHPDoc para ter tipos completos, então PHPStan missingType.* e Psalm MissingReturnType (regra do C31) não disparam. Método público não chamado: o Psalm pode acusar PossiblyUnusedMethod (fora do CS). Ruído esperado na completa, que não conta por não ser regra do CS: sniffs contraditórios disparam sobre o código PSR-12 limpo (ex.: Generic.Functions.OpeningFunctionBraceKernighanRitchie e php:S1105 nas chaves de método em linha própria, Generic.WhiteSpace.DisallowSpaceIndent, Squiz.WhiteSpace.FunctionSpacing, Squiz.Commenting.ClosingDeclarationComment)."
C34,v2,"tag @param com tipo e descrição, sem o nome do parâmetro (@param float Valor retirado na sangria.)",,membros,membros.php,novo,,PHPCS:PEAR.Commenting.FunctionComment.MissingParamName; PHPCS:Squiz.Commenting.FunctionComment.MissingParamName; PHPStan:phpDoc.parseError,"Forma que o Psalm ignora em silêncio (cobertura parcial de InvalidDocblock, confirmada em regras.csv), por isso o Psalm não está no esperado. PEAR/Squiz leem a descrição como parte do tipo e também acusam MissingParamTag para $retirada (fora de regras.csv). Parâmetros e retorno com tipo nativo escalar (PHP 7.0): o Squiz exige o tipo dos parâmetros (ScalarTypeHintMissing) e, com o tipo de retorno, o método não depende do PHPDoc para ter tipos completos, então PHPStan missingType.* e Psalm MissingReturnType (regra do C31) não disparam. Método público não chamado: o Psalm pode acusar PossiblyUnusedMethod (fora do CS). Ruído esperado na completa, que não conta por não ser regra do CS: sniffs contraditórios disparam sobre o código PSR-12 limpo (ex.: Generic.Functions.OpeningFunctionBraceKernighanRitchie e php:S1105 nas chaves de método em linha própria, Generic.WhiteSpace.DisallowSpaceIndent, Squiz.WhiteSpace.FunctionSpacing, Squiz.Commenting.ClosingDeclarationComment)."
C35,v1,chave de abertura do método na mesma linha da declaração (o PSR-12 a exige na linha seguinte),,membros,membros.php,novo,PHPCS:Squiz.Functions.MultiLineFunctionDeclaration.BraceOnSameLine,PHPCS:Generic.Functions.OpeningFunctionBraceBsdAllman.BraceOnSameLine; PHPCS:PEAR.Functions.FunctionDeclaration.BraceOnSameLine; PHPCS:Squiz.Functions.MultiLineFunctionDeclaration.BraceOnSameLine; SonarQube:php:S1808; SonarQube:php:S1106,"Mensagem original do PHPCS: ""Opening brace should be on a new line"". Linha de base: todos os métodos da CaixaController já têm a chave na mesma linha, então as mesmas regras disparam na linha de base; a detecção vale pela linha inserida. As regras de convenção oposta mapeadas ao C35 (Generic.Functions.OpeningFunctionBraceKernighanRitchie, php:S1105) não acusam esta chave. Parâmetros e retorno com tipo nativo escalar (PHP 7.0): o Squiz exige o tipo dos parâmetros (ScalarTypeHintMissing) e, com o tipo de retorno, o método não depende do PHPDoc para ter tipos completos, então PHPStan missingType.* e Psalm MissingReturnType (regra do C31) não disparam. Método público não chamado: o Psalm pode acusar PossiblyUnusedMethod (fora do CS). Ruído esperado na completa, que não conta por não ser regra do CS: sniffs contraditórios disparam sobre o código PSR-12 limpo (ex.: Generic.Functions.OpeningFunctionBraceKernighanRitchie e php:S1105 nas chaves de método em linha própria, Generic.WhiteSpace.DisallowSpaceIndent, Squiz.WhiteSpace.FunctionSpacing, Squiz.Commenting.ClosingDeclarationComment)."
C35,v2,chave de abertura da classe na mesma linha da declaração (class ... {),,arquivos,arquivos/app/Experimento/C35/V2/FechamentoDeCaixa.php,novo,PHPCS:PSR2.Classes.ClassDeclaration.OpenBraceNewLine,PHPCS:PEAR.Classes.ClassDeclaration.OpenBraceNewLine; PHPCS:PSR2.Classes.ClassDeclaration.OpenBraceNewLine; PHPCS:Squiz.Classes.ClassDeclaration.OpenBraceNewLine; SonarQube:php:S1808; SonarQube:php:S1106,"O método da classe segue o PSR-12 (chave em linha própria) e por isso recebe, na completa, Generic.Functions.OpeningFunctionBraceKernighanRitchie.BraceOnNewLine e php:S1105, regras do C35 de convenção oposta que não indicam o defeito (atribuir pela linha: o defeito é a linha do class). Classe nova não referenciada: o Psalm acusa UnusedClass (fora do CS). Sem comentário de arquivo, PEAR/Squiz FileComment.Missing disparam na completa; o PEAR ClassComment exige tags (@category, @package...) que o Squiz não aceita (conflito, fora do CS). Parâmetros e retorno com tipo nativo escalar (PHP 7.0): o Squiz exige o tipo dos parâmetros (ScalarTypeHintMissing) e, com o tipo de retorno, o método não depende do PHPDoc para ter tipos completos, então PHPStan missingType.* e Psalm MissingReturnType (regra do C31) não disparam. Ruído esperado na completa, que não conta por não ser regra do CS: sniffs contraditórios disparam sobre o código PSR-12 limpo (ex.: Generic.Functions.OpeningFunctionBraceKernighanRitchie e php:S1105 nas chaves de método em linha própria, Generic.WhiteSpace.DisallowSpaceIndent, Squiz.WhiteSpace.FunctionSpacing, Squiz.Commenting.ClosingDeclarationComment)."
C35,v3,chave de abertura de estrutura de controle (if) em linha própria (o PSR-12 a exige na mesma linha),,membros,membros.php,novo,PHPCS:Squiz.ControlStructures.ControlSignature.SpaceAfterCloseParenthesis,SonarQube:php:S1105; SonarQube:php:S1808; PHPCS:Squiz.ControlStructures.ControlSignature.SpaceAfterCloseParenthesis; PHPCS:PEAR.ControlStructures.ControlSignature.Found,"Justificativa: a definição (""chaves posicionadas fora do padrão de codificação, como a chave de abertura que deveria estar em uma nova linha"") dá a chave de função como exemplo, não como limite. No PHPCS quem acusa é Squiz.ControlStructures.ControlSignature.SpaceAfterCloseParenthesis (PSR12, ativo no padrão; também PEAR.ControlStructures.ControlSignature na completa), incluído em regras.csv por decisão do autor (25/09/2026), assim como o PEAR.ControlStructures.ControlSignature na completa. php:S1106 não acusa este if; na completa, php:S1105 acusa também a chave do método (correta), então atribuir pela linha do if. Parâmetros e retorno com tipo nativo escalar (PHP 7.0): o Squiz exige o tipo dos parâmetros (ScalarTypeHintMissing) e, com o tipo de retorno, o método não depende do PHPDoc para ter tipos completos, então PHPStan missingType.* e Psalm MissingReturnType (regra do C31) não disparam. Método público não chamado: o Psalm pode acusar PossiblyUnusedMethod (fora do CS). Ruído esperado na completa, que não conta por não ser regra do CS: sniffs contraditórios disparam sobre o código PSR-12 limpo (ex.: Generic.Functions.OpeningFunctionBraceKernighanRitchie e php:S1105 nas chaves de método em linha própria, Generic.WhiteSpace.DisallowSpaceIndent, Squiz.WhiteSpace.FunctionSpacing, Squiz.Commenting.ClosingDeclarationComment)."
C36,v1,"argumentos de chamada de função sem espaço depois da vírgula (round($saldo - $retirada,2))",,membros,membros.php,novo,PHPCS:Generic.Functions.FunctionCallArgumentSpacing.NoSpaceAfterComma,PHPCS:Generic.Functions.FunctionCallArgumentSpacing.NoSpaceAfterComma; SonarQube:php:S1808,"Uma só vírgula sem espaço. Linha de base: a CaixaController já tem várias chamadas sem espaço depois da vírgula; a detecção vale pela linha inserida. Parâmetros e retorno com tipo nativo escalar (PHP 7.0): o Squiz exige o tipo dos parâmetros (ScalarTypeHintMissing) e, com o tipo de retorno, o método não depende do PHPDoc para ter tipos completos, então PHPStan missingType.* e Psalm MissingReturnType (regra do C31) não disparam. Método público não chamado: o Psalm pode acusar PossiblyUnusedMethod (fora do CS). Ruído esperado na completa, que não conta por não ser regra do CS: sniffs contraditórios disparam sobre o código PSR-12 limpo (ex.: Generic.Functions.OpeningFunctionBraceKernighanRitchie e php:S1105 nas chaves de método em linha própria, Generic.WhiteSpace.DisallowSpaceIndent, Squiz.WhiteSpace.FunctionSpacing, Squiz.Commenting.ClosingDeclarationComment)."
C36,v2,"parâmetros de declaração de método sem espaço depois da vírgula (float $saldo,float $retirada)",,membros,membros.php,adaptado de codesmells/IncorrectSpacingAfterCommas.php,PHPCS:Squiz.Functions.FunctionDeclarationArgumentSpacing.NoSpaceBeforeArg,PHPCS:Squiz.Functions.FunctionDeclarationArgumentSpacing.NoSpaceBeforeArg; SonarQube:php:S1808,"Do exemplo antigo ficou a forma de sum($a,$b,$c); o segundo método antigo ($x ,$y: espaço antes da vírgula) é outro defeito e não foi usado. Parâmetros e retorno com tipo nativo escalar (PHP 7.0): o Squiz exige o tipo dos parâmetros (ScalarTypeHintMissing) e, com o tipo de retorno, o método não depende do PHPDoc para ter tipos completos, então PHPStan missingType.* e Psalm MissingReturnType (regra do C31) não disparam. Método público não chamado: o Psalm pode acusar PossiblyUnusedMethod (fora do CS). Ruído esperado na completa, que não conta por não ser regra do CS: sniffs contraditórios disparam sobre o código PSR-12 limpo (ex.: Generic.Functions.OpeningFunctionBraceKernighanRitchie e php:S1105 nas chaves de método em linha própria, Generic.WhiteSpace.DisallowSpaceIndent, Squiz.WhiteSpace.FunctionSpacing, Squiz.Commenting.ClosingDeclarationComment)."
C36,v3,"elementos de array literal sem espaço depois da vírgula (['DI','CR','DE'], dentro de uma chamada)",,membros,membros.php,novo,,PHPCS:Squiz.Arrays.ArrayDeclaration.NoSpaceAfterComma,"O array fica dentro de uma chamada, na mesma linha: é o único caso em que Squiz.Arrays.ArrayDeclaration verifica a vírgula (fora disso acusa SingleLineNotAllowed e para). Generic.Functions.FunctionCallArgumentSpacing pula arrays aninhados, e o php:S1808 só verifica vírgulas de argumentos e de parâmetros (FunctionSpacingCheck no código-fonte do sonar-php), então nenhum dos dois deve acusar, embora regras.csv descreva o S1808 como vírgula em geral. Na completa, Generic.Arrays.DisallowShortArraySyntax também dispara (fora do CS). Parâmetros e retorno com tipo nativo escalar (PHP 7.0): o Squiz exige o tipo dos parâmetros (ScalarTypeHintMissing) e, com o tipo de retorno, o método não depende do PHPDoc para ter tipos completos, então PHPStan missingType.* e Psalm MissingReturnType (regra do C31) não disparam. Método público não chamado: o Psalm pode acusar PossiblyUnusedMethod (fora do CS). Ruído esperado na completa, que não conta por não ser regra do CS: sniffs contraditórios disparam sobre o código PSR-12 limpo (ex.: Generic.Functions.OpeningFunctionBraceKernighanRitchie e php:S1105 nas chaves de método em linha própria, Generic.WhiteSpace.DisallowSpaceIndent, Squiz.WhiteSpace.FunctionSpacing, Squiz.Commenting.ClosingDeclarationComment)."
C37,v1,chamada de função em várias linhas com o parêntese de fechamento na linha do último argumento,,membros,membros.php,novo,PHPCS:PSR2.Methods.FunctionCallSignature,PHPCS:PEAR.Functions.FunctionCallSignature; PHPCS:PSR2.Methods.FunctionCallSignature; SonarQube:php:S1808,"Código esperado no PHPCS: CloseBracketLine. O exemplo antigo (FunctionsParenthesesOnMultipleLines.php) não é instância: é uma declaração multilinha correta no PSR-2/PSR-12, e a definição fala de chamadas; não foi usado. O último argumento é um literal, porque o php:S1808 isenta o último argumento terminado em ')'. A declaração do método é de uma linha, então as regras de declaração que regras.csv também associa ao C37 (PEAR.Functions.FunctionDeclaration, Squiz.Functions.MultiLineFunctionDeclaration) não devem acusar. Parâmetros e retorno com tipo nativo escalar (PHP 7.0): o Squiz exige o tipo dos parâmetros (ScalarTypeHintMissing) e, com o tipo de retorno, o método não depende do PHPDoc para ter tipos completos, então PHPStan missingType.* e Psalm MissingReturnType (regra do C31) não disparam. Método público não chamado: o Psalm pode acusar PossiblyUnusedMethod (fora do CS). Ruído esperado na completa, que não conta por não ser regra do CS: sniffs contraditórios disparam sobre o código PSR-12 limpo (ex.: Generic.Functions.OpeningFunctionBraceKernighanRitchie e php:S1105 nas chaves de método em linha própria, Generic.WhiteSpace.DisallowSpaceIndent, Squiz.WhiteSpace.FunctionSpacing, Squiz.Commenting.ClosingDeclarationComment)."
C37,v2,chamada de função em várias linhas com o primeiro argumento na linha do parêntese de abertura,,membros,membros.php,novo,PHPCS:PSR2.Methods.FunctionCallSignature,PHPCS:PEAR.Functions.FunctionCallSignature; PHPCS:PSR2.Methods.FunctionCallSignature; SonarQube:php:S1808,"Código esperado no PHPCS: ContentAfterOpenBracket; no php:S1808, argumentos que não começam na linha seguinte à da chamada. O parêntese de fechamento está correto, em linha própria. Parâmetros e retorno com tipo nativo escalar (PHP 7.0): o Squiz exige o tipo dos parâmetros (ScalarTypeHintMissing) e, com o tipo de retorno, o método não depende do PHPDoc para ter tipos completos, então PHPStan missingType.* e Psalm MissingReturnType (regra do C31) não disparam. Método público não chamado: o Psalm pode acusar PossiblyUnusedMethod (fora do CS). Ruído esperado na completa, que não conta por não ser regra do CS: sniffs contraditórios disparam sobre o código PSR-12 limpo (ex.: Generic.Functions.OpeningFunctionBraceKernighanRitchie e php:S1105 nas chaves de método em linha própria, Generic.WhiteSpace.DisallowSpaceIndent, Squiz.WhiteSpace.FunctionSpacing, Squiz.Commenting.ClosingDeclarationComment)."
C38,v1,nenhuma linha em branco entre a descrição e as tags do comentário de documentação,,membros,membros.php,novo,,PHPCS:Generic.Commenting.DocComment.SpacingBeforeTags,"Mensagem original do PHPCS: ""There must be exactly one blank line before the tags in a doc comment"". O PSR12 não inclui sniffs de comentário, por isso nada no padrão. Parâmetros e retorno com tipo nativo escalar (PHP 7.0): o Squiz exige o tipo dos parâmetros (ScalarTypeHintMissing) e, com o tipo de retorno, o método não depende do PHPDoc para ter tipos completos, então PHPStan missingType.* e Psalm MissingReturnType (regra do C31) não disparam. Método público não chamado: o Psalm pode acusar PossiblyUnusedMethod (fora do CS). Ruído esperado na completa, que não conta por não ser regra do CS: sniffs contraditórios disparam sobre o código PSR-12 limpo (ex.: Generic.Functions.OpeningFunctionBraceKernighanRitchie e php:S1105 nas chaves de método em linha própria, Generic.WhiteSpace.DisallowSpaceIndent, Squiz.WhiteSpace.FunctionSpacing, Squiz.Commenting.ClosingDeclarationComment)."
C38,v2,duas linhas em branco entre a descrição e as tags do comentário de documentação,,membros,membros.php,novo,,PHPCS:Generic.Commenting.DocComment.SpacingBeforeTags,"Mesmo sniff e mesmo código da v1 (exige exatamente uma linha). Parâmetros e retorno com tipo nativo escalar (PHP 7.0): o Squiz exige o tipo dos parâmetros (ScalarTypeHintMissing) e, com o tipo de retorno, o método não depende do PHPDoc para ter tipos completos, então PHPStan missingType.* e Psalm MissingReturnType (regra do C31) não disparam. Método público não chamado: o Psalm pode acusar PossiblyUnusedMethod (fora do CS). Ruído esperado na completa, que não conta por não ser regra do CS: sniffs contraditórios disparam sobre o código PSR-12 limpo (ex.: Generic.Functions.OpeningFunctionBraceKernighanRitchie e php:S1105 nas chaves de método em linha própria, Generic.WhiteSpace.DisallowSpaceIndent, Squiz.WhiteSpace.FunctionSpacing, Squiz.Commenting.ClosingDeclarationComment)."
