cs_id,configuracao,ferramenta,variantes_detectadas,variantes,resultado
C01,completa,PHPCS,2,3,algumas
C01,completa,PHPMD,0,3,nenhuma
C01,completa,PHPStan,0,3,nenhuma
C01,completa,Psalm,1,3,algumas
C01,completa,SonarQube,0,3,nenhuma
C01,padrao,PHPCS,0,3,nenhuma
C01,padrao,PHPMD,0,3,nenhuma
C01,padrao,PHPStan,0,3,nenhuma
C01,padrao,Psalm,1,3,algumas
C01,padrao,SonarQube,0,3,nenhuma
C02,completa,PHPCS,2,2,todas
C02,completa,PHPMD,2,2,todas
C02,completa,PHPStan,0,2,nenhuma
C02,completa,Psalm,0,2,nenhuma
C02,completa,SonarQube,2,2,todas
C02,padrao,PHPCS,0,2,nenhuma
C02,padrao,PHPMD,2,2,todas
C02,padrao,PHPStan,0,2,nenhuma
C02,padrao,Psalm,0,2,nenhuma
C02,padrao,SonarQube,2,2,todas
C03,completa,PHPCS,0,2,nenhuma
C03,completa,PHPMD,0,2,nenhuma
C03,completa,PHPStan,0,2,nenhuma
C03,completa,Psalm,0,2,nenhuma
C03,completa,SonarQube,0,2,nenhuma
C03,padrao,PHPCS,0,2,nenhuma
C03,padrao,PHPMD,0,2,nenhuma
C03,padrao,PHPStan,0,2,nenhuma
C03,padrao,Psalm,0,2,nenhuma
C03,padrao,SonarQube,0,2,nenhuma
C04,completa,PHPCS,0,2,nenhuma
C04,completa,PHPMD,0,2,nenhuma
C04,completa,PHPStan,0,2,nenhuma
C04,completa,Psalm,0,2,nenhuma
C04,completa,SonarQube,0,2,nenhuma
C04,padrao,PHPCS,0,2,nenhuma
C04,padrao,PHPMD,0,2,nenhuma
C04,padrao,PHPStan,0,2,nenhuma
C04,padrao,Psalm,0,2,nenhuma
C04,padrao,SonarQube,0,2,nenhuma
C05,completa,PHPCS,0,3,nenhuma
C05,completa,PHPMD,0,3,nenhuma
C05,completa,PHPStan,0,3,nenhuma
C05,completa,Psalm,0,3,nenhuma
C05,completa,SonarQube,1,3,algumas
C05,padrao,PHPCS,0,3,nenhuma
C05,padrao,PHPMD,0,3,nenhuma
C05,padrao,PHPStan,0,3,nenhuma
C05,padrao,Psalm,0,3,nenhuma
C05,padrao,SonarQube,0,3,nenhuma
C06,completa,PHPCS,0,3,nenhuma
C06,completa,PHPMD,0,3,nenhuma
C06,completa,PHPStan,0,3,nenhuma
C06,completa,Psalm,0,3,nenhuma
C06,completa,SonarQube,1,3,algumas
C06,padrao,PHPCS,0,3,nenhuma
C06,padrao,PHPMD,0,3,nenhuma
C06,padrao,PHPStan,0,3,nenhuma
C06,padrao,Psalm,0,3,nenhuma
C06,padrao,SonarQube,0,3,nenhuma
C07,completa,PHPCS,0,2,nenhuma
C07,completa,PHPMD,0,2,nenhuma
C07,completa,PHPStan,0,2,nenhuma
C07,completa,Psalm,0,2,nenhuma
C07,completa,SonarQube,0,2,nenhuma
C07,padrao,PHPCS,0,2,nenhuma
C07,padrao,PHPMD,0,2,nenhuma
C07,padrao,PHPStan,0,2,nenhuma
C07,padrao,Psalm,0,2,nenhuma
C07,padrao,SonarQube,0,2,nenhuma
C08,completa,PHPCS,0,2,nenhuma
C08,completa,PHPMD,0,2,nenhuma
C08,completa,PHPStan,0,2,nenhuma
C08,completa,Psalm,0,2,nenhuma
C08,completa,SonarQube,0,2,nenhuma
C08,padrao,PHPCS,0,2,nenhuma
C08,padrao,PHPMD,0,2,nenhuma
C08,padrao,PHPStan,0,2,nenhuma
C08,padrao,Psalm,0,2,nenhuma
C08,padrao,SonarQube,0,2,nenhuma
C09,completa,PHPCS,0,2,nenhuma
C09,completa,PHPMD,0,2,nenhuma
C09,completa,PHPStan,0,2,nenhuma
C09,completa,Psalm,0,2,nenhuma
C09,completa,SonarQube,0,2,nenhuma
C09,padrao,PHPCS,0,2,nenhuma
C09,padrao,PHPMD,0,2,nenhuma
C09,padrao,PHPStan,0,2,nenhuma
C09,padrao,Psalm,0,2,nenhuma
C09,padrao,SonarQube,0,2,nenhuma
C10,completa,PHPCS,0,3,nenhuma
C10,completa,PHPMD,0,3,nenhuma
C10,completa,PHPStan,0,3,nenhuma
C10,completa,Psalm,0,3,nenhuma
C10,completa,SonarQube,2,3,algumas
C10,padrao,PHPCS,0,3,nenhuma
C10,padrao,PHPMD,0,3,nenhuma
C10,padrao,PHPStan,0,3,nenhuma
C10,padrao,Psalm,0,3,nenhuma
C10,padrao,SonarQube,0,3,nenhuma
C11,completa,PHPCS,0,2,nenhuma
C11,completa,PHPMD,2,2,todas
C11,completa,PHPStan,0,2,nenhuma
C11,completa,Psalm,0,2,nenhuma
C11,completa,SonarQube,2,2,todas
C11,padrao,PHPCS,0,2,nenhuma
C11,padrao,PHPMD,2,2,todas
C11,padrao,PHPStan,0,2,nenhuma
C11,padrao,Psalm,0,2,nenhuma
C11,padrao,SonarQube,0,2,nenhuma
C12,completa,PHPCS,0,2,nenhuma
C12,completa,PHPMD,2,2,todas
C12,completa,PHPStan,0,2,nenhuma
C12,completa,Psalm,0,2,nenhuma
C12,completa,SonarQube,1,2,algumas
C12,padrao,PHPCS,0,2,nenhuma
C12,padrao,PHPMD,2,2,todas
C12,padrao,PHPStan,0,2,nenhuma
C12,padrao,Psalm,0,2,nenhuma
C12,padrao,SonarQube,1,2,algumas
C13,completa,PHPCS,0,2,nenhuma
C13,completa,PHPMD,2,2,todas
C13,completa,PHPStan,0,2,nenhuma
C13,completa,Psalm,0,2,nenhuma
C13,completa,SonarQube,0,2,nenhuma
C13,padrao,PHPCS,0,2,nenhuma
C13,padrao,PHPMD,2,2,todas
C13,padrao,PHPStan,0,2,nenhuma
C13,padrao,Psalm,0,2,nenhuma
C13,padrao,SonarQube,0,2,nenhuma
C14,completa,PHPCS,0,2,nenhuma
C14,completa,PHPMD,2,2,todas
C14,completa,PHPStan,0,2,nenhuma
C14,completa,Psalm,0,2,nenhuma
C14,completa,SonarQube,2,2,todas
C14,padrao,PHPCS,0,2,nenhuma
C14,padrao,PHPMD,2,2,todas
C14,padrao,PHPStan,0,2,nenhuma
C14,padrao,Psalm,0,2,nenhuma
C14,padrao,SonarQube,2,2,todas
C15,completa,PHPCS,0,2,nenhuma
C15,completa,PHPMD,2,2,todas
C15,completa,PHPStan,0,2,nenhuma
C15,completa,Psalm,0,2,nenhuma
C15,completa,SonarQube,0,2,nenhuma
C15,padrao,PHPCS,0,2,nenhuma
C15,padrao,PHPMD,2,2,todas
C15,padrao,PHPStan,0,2,nenhuma
C15,padrao,Psalm,0,2,nenhuma
C15,padrao,SonarQube,0,2,nenhuma
C16,completa,PHPCS,0,2,nenhuma
C16,completa,PHPMD,2,2,todas
C16,completa,PHPStan,0,2,nenhuma
C16,completa,Psalm,0,2,nenhuma
C16,completa,SonarQube,1,2,algumas
C16,padrao,PHPCS,0,2,nenhuma
C16,padrao,PHPMD,2,2,todas
C16,padrao,PHPStan,0,2,nenhuma
C16,padrao,Psalm,0,2,nenhuma
C16,padrao,SonarQube,0,2,nenhuma
C17,completa,PHPCS,0,2,nenhuma
C17,completa,PHPMD,2,2,todas
C17,completa,PHPStan,0,2,nenhuma
C17,completa,Psalm,0,2,nenhuma
C17,completa,SonarQube,0,2,nenhuma
C17,padrao,PHPCS,0,2,nenhuma
C17,padrao,PHPMD,2,2,todas
C17,padrao,PHPStan,0,2,nenhuma
C17,padrao,Psalm,0,2,nenhuma
C17,padrao,SonarQube,0,2,nenhuma
C18,completa,PHPCS,2,2,todas
C18,completa,PHPMD,2,2,todas
C18,completa,PHPStan,0,2,nenhuma
C18,completa,Psalm,0,2,nenhuma
C18,completa,SonarQube,0,2,nenhuma
C18,padrao,PHPCS,0,2,nenhuma
C18,padrao,PHPMD,2,2,todas
C18,padrao,PHPStan,0,2,nenhuma
C18,padrao,Psalm,0,2,nenhuma
C18,padrao,SonarQube,0,2,nenhuma
C19,completa,PHPCS,0,2,nenhuma
C19,completa,PHPMD,2,2,todas
C19,completa,PHPStan,0,2,nenhuma
C19,completa,Psalm,0,2,nenhuma
C19,completa,SonarQube,0,2,nenhuma
C19,padrao,PHPCS,0,2,nenhuma
C19,padrao,PHPMD,2,2,todas
C19,padrao,PHPStan,0,2,nenhuma
C19,padrao,Psalm,0,2,nenhuma
C19,padrao,SonarQube,0,2,nenhuma
C20,completa,PHPCS,0,2,nenhuma
C20,completa,PHPMD,2,2,todas
C20,completa,PHPStan,0,2,nenhuma
C20,completa,Psalm,0,2,nenhuma
C20,completa,SonarQube,0,2,nenhuma
C20,padrao,PHPCS,0,2,nenhuma
C20,padrao,PHPMD,2,2,todas
C20,padrao,PHPStan,0,2,nenhuma
C20,padrao,Psalm,0,2,nenhuma
C20,padrao,SonarQube,0,2,nenhuma
C21,completa,PHPCS,0,2,nenhuma
C21,completa,PHPMD,2,2,todas
C21,completa,PHPStan,0,2,nenhuma
C21,completa,Psalm,0,2,nenhuma
C21,completa,SonarQube,0,2,nenhuma
C21,padrao,PHPCS,0,2,nenhuma
C21,padrao,PHPMD,2,2,todas
C21,padrao,PHPStan,0,2,nenhuma
C21,padrao,Psalm,0,2,nenhuma
C21,padrao,SonarQube,0,2,nenhuma
C22,completa,PHPCS,0,2,nenhuma
C22,completa,PHPMD,2,2,todas
C22,completa,PHPStan,0,2,nenhuma
C22,completa,Psalm,0,2,nenhuma
C22,completa,SonarQube,2,2,todas
C22,padrao,PHPCS,0,2,nenhuma
C22,padrao,PHPMD,2,2,todas
C22,padrao,PHPStan,0,2,nenhuma
C22,padrao,Psalm,0,2,nenhuma
C22,padrao,SonarQube,2,2,todas
C23,completa,PHPCS,0,2,nenhuma
C23,completa,PHPMD,2,2,todas
C23,completa,PHPStan,0,2,nenhuma
C23,completa,Psalm,0,2,nenhuma
C23,completa,SonarQube,0,2,nenhuma
C23,padrao,PHPCS,0,2,nenhuma
C23,padrao,PHPMD,2,2,todas
C23,padrao,PHPStan,0,2,nenhuma
C23,padrao,Psalm,0,2,nenhuma
C23,padrao,SonarQube,0,2,nenhuma
C24,completa,PHPCS,0,3,nenhuma
C24,completa,PHPMD,0,3,nenhuma
C24,completa,PHPStan,0,3,nenhuma
C24,completa,Psalm,0,3,nenhuma
C24,completa,SonarQube,1,3,algumas
C24,padrao,PHPCS,0,3,nenhuma
C24,padrao,PHPMD,0,3,nenhuma
C24,padrao,PHPStan,0,3,nenhuma
C24,padrao,Psalm,0,3,nenhuma
C24,padrao,SonarQube,1,3,algumas
C25,completa,PHPCS,0,3,nenhuma
C25,completa,PHPMD,2,3,algumas
C25,completa,PHPStan,3,3,todas
C25,completa,Psalm,3,3,todas
C25,completa,SonarQube,2,3,algumas
C25,padrao,PHPCS,0,3,nenhuma
C25,padrao,PHPMD,2,3,algumas
C25,padrao,PHPStan,0,3,nenhuma
C25,padrao,Psalm,3,3,todas
C25,padrao,SonarQube,2,3,algumas
C26,completa,PHPCS,0,2,nenhuma
C26,completa,PHPMD,2,2,todas
C26,completa,PHPStan,2,2,todas
C26,completa,Psalm,0,2,nenhuma
C26,completa,SonarQube,2,2,todas
C26,padrao,PHPCS,0,2,nenhuma
C26,padrao,PHPMD,2,2,todas
C26,padrao,PHPStan,0,2,nenhuma
C26,padrao,Psalm,0,2,nenhuma
C26,padrao,SonarQube,2,2,todas
C27,completa,PHPCS,0,3,nenhuma
C27,completa,PHPMD,3,3,todas
C27,completa,PHPStan,0,3,nenhuma
C27,completa,Psalm,3,3,todas
C27,completa,SonarQube,3,3,todas
C27,padrao,PHPCS,0,3,nenhuma
C27,padrao,PHPMD,3,3,todas
C27,padrao,PHPStan,0,3,nenhuma
C27,padrao,Psalm,3,3,todas
C27,padrao,SonarQube,3,3,todas
C28,completa,PHPCS,3,3,todas
C28,completa,PHPMD,3,3,todas
C28,completa,PHPStan,1,3,algumas
C28,completa,Psalm,3,3,todas
C28,completa,SonarQube,2,3,algumas
C28,padrao,PHPCS,0,3,nenhuma
C28,padrao,PHPMD,3,3,todas
C28,padrao,PHPStan,0,3,nenhuma
C28,padrao,Psalm,3,3,todas
C28,padrao,SonarQube,2,3,algumas
C29,completa,PHPCS,3,3,todas
C29,completa,PHPMD,2,3,algumas
C29,completa,PHPStan,0,3,nenhuma
C29,completa,Psalm,0,3,nenhuma
C29,completa,SonarQube,2,3,algumas
C29,padrao,PHPCS,0,3,nenhuma
C29,padrao,PHPMD,2,3,algumas
C29,padrao,PHPStan,0,3,nenhuma
C29,padrao,Psalm,0,3,nenhuma
C29,padrao,SonarQube,2,3,algumas
C30,completa,PHPCS,2,2,todas
C30,completa,PHPMD,0,2,nenhuma
C30,completa,PHPStan,0,2,nenhuma
C30,completa,Psalm,0,2,nenhuma
C30,completa,SonarQube,0,2,nenhuma
C30,padrao,PHPCS,0,2,nenhuma
C30,padrao,PHPMD,0,2,nenhuma
C30,padrao,PHPStan,0,2,nenhuma
C30,padrao,Psalm,0,2,nenhuma
C30,padrao,SonarQube,0,2,nenhuma
C31,completa,PHPCS,2,2,todas
C31,completa,PHPMD,0,2,nenhuma
C31,completa,PHPStan,1,2,algumas
C31,completa,Psalm,1,2,algumas
C31,completa,SonarQube,0,2,nenhuma
C31,padrao,PHPCS,0,2,nenhuma
C31,padrao,PHPMD,0,2,nenhuma
C31,padrao,PHPStan,0,2,nenhuma
C31,padrao,Psalm,1,2,algumas
C31,padrao,SonarQube,0,2,nenhuma
C32,completa,PHPCS,3,3,todas
C32,completa,PHPMD,0,3,nenhuma
C32,completa,PHPStan,0,3,nenhuma
C32,completa,Psalm,0,3,nenhuma
C32,completa,SonarQube,0,3,nenhuma
C32,padrao,PHPCS,0,3,nenhuma
C32,padrao,PHPMD,0,3,nenhuma
C32,padrao,PHPStan,0,3,nenhuma
C32,padrao,Psalm,0,3,nenhuma
C32,padrao,SonarQube,0,3,nenhuma
C33,completa,PHPCS,3,3,todas
C33,completa,PHPMD,0,3,nenhuma
C33,completa,PHPStan,0,3,nenhuma
C33,completa,Psalm,0,3,nenhuma
C33,completa,SonarQube,0,3,nenhuma
C33,padrao,PHPCS,0,3,nenhuma
C33,padrao,PHPMD,0,3,nenhuma
C33,padrao,PHPStan,0,3,nenhuma
C33,padrao,Psalm,0,3,nenhuma
C33,padrao,SonarQube,0,3,nenhuma
C34,completa,PHPCS,2,2,todas
C34,completa,PHPMD,0,2,nenhuma
C34,completa,PHPStan,2,2,todas
C34,completa,Psalm,1,2,algumas
C34,completa,SonarQube,0,2,nenhuma
C34,padrao,PHPCS,0,2,nenhuma
C34,padrao,PHPMD,0,2,nenhuma
C34,padrao,PHPStan,0,2,nenhuma
C34,padrao,Psalm,1,2,algumas
C34,padrao,SonarQube,0,2,nenhuma
C35,completa,PHPCS,3,3,todas
C35,completa,PHPMD,0,3,nenhuma
C35,completa,PHPStan,0,3,nenhuma
C35,completa,Psalm,0,3,nenhuma
C35,completa,SonarQube,3,3,todas
C35,padrao,PHPCS,3,3,todas
C35,padrao,PHPMD,0,3,nenhuma
C35,padrao,PHPStan,0,3,nenhuma
C35,padrao,Psalm,0,3,nenhuma
C35,padrao,SonarQube,0,3,nenhuma
C36,completa,PHPCS,3,3,todas
C36,completa,PHPMD,0,3,nenhuma
C36,completa,PHPStan,0,3,nenhuma
C36,completa,Psalm,0,3,nenhuma
C36,completa,SonarQube,2,3,algumas
C36,padrao,PHPCS,2,3,algumas
C36,padrao,PHPMD,0,3,nenhuma
C36,padrao,PHPStan,0,3,nenhuma
C36,padrao,Psalm,0,3,nenhuma
C36,padrao,SonarQube,0,3,nenhuma
C37,completa,PHPCS,2,2,todas
C37,completa,PHPMD,0,2,nenhuma
C37,completa,PHPStan,0,2,nenhuma
C37,completa,Psalm,0,2,nenhuma
C37,completa,SonarQube,2,2,todas
C37,padrao,PHPCS,2,2,todas
C37,padrao,PHPMD,0,2,nenhuma
C37,padrao,PHPStan,0,2,nenhuma
C37,padrao,Psalm,0,2,nenhuma
C37,padrao,SonarQube,0,2,nenhuma
C38,completa,PHPCS,2,2,todas
C38,completa,PHPMD,0,2,nenhuma
C38,completa,PHPStan,0,2,nenhuma
C38,completa,Psalm,0,2,nenhuma
C38,completa,SonarQube,0,2,nenhuma
C38,padrao,PHPCS,0,2,nenhuma
C38,padrao,PHPMD,0,2,nenhuma
C38,padrao,PHPStan,0,2,nenhuma
C38,padrao,Psalm,0,2,nenhuma
C38,padrao,SonarQube,0,2,nenhuma
