cs_id,variante,configuracao,ferramenta,detectado,esperado,regras_disparadas,avisos_mapeados,avisos_novos_no_local
C01,v1,padrao,PHPMD,Não,Sim,,0,0
C01,v1,padrao,PHPCS,Não,Não,,0,0
C01,v1,padrao,PHPStan,Não,Não,,0,0
C01,v1,padrao,Psalm,Sim,Sim,ForbiddenCode,1,2
C01,v1,padrao,SonarQube,Não,Não,,0,0
C01,v1,completa,PHPMD,Não,Sim,,0,0
C01,v1,completa,PHPCS,Sim,Sim,Squiz.PHP.DiscouragedFunctions.Discouraged,1,26
C01,v1,completa,PHPStan,Não,Não,,0,3
C01,v1,completa,Psalm,Sim,Sim,ForbiddenCode,1,4
C01,v1,completa,SonarQube,Não,Não,,0,2
C01,v2,padrao,PHPMD,Não,Sim,,0,0
C01,v2,padrao,PHPCS,Não,Não,,0,0
C01,v2,padrao,PHPStan,Não,Não,,0,0
C01,v2,padrao,Psalm,Não,Não,,0,1
C01,v2,padrao,SonarQube,Não,Não,,0,0
C01,v2,completa,PHPMD,Não,Sim,,0,0
C01,v2,completa,PHPCS,Sim,Sim,Squiz.PHP.DiscouragedFunctions.Discouraged,1,36
C01,v2,completa,PHPStan,Não,Não,,0,8
C01,v2,completa,Psalm,Não,Não,,0,7
C01,v2,completa,SonarQube,Não,Não,,0,2
C01,v3,padrao,PHPMD,Não,Sim,,0,0
C01,v3,padrao,PHPCS,Não,Não,,0,0
C01,v3,padrao,PHPStan,Não,Não,,0,0
C01,v3,padrao,Psalm,Não,Não,,0,1
C01,v3,padrao,SonarQube,Não,Não,,0,0
C01,v3,completa,PHPMD,Não,Sim,,0,0
C01,v3,completa,PHPCS,Não,Não,,0,26
C01,v3,completa,PHPStan,Não,Não,,0,0
C01,v3,completa,Psalm,Não,Não,,0,1
C01,v3,completa,SonarQube,Não,Não,,0,1
C02,v1,padrao,PHPMD,Sim,Sim,GotoStatement,1,1
C02,v1,padrao,PHPCS,Não,Não,,0,0
C02,v1,padrao,PHPStan,Não,Não,,0,0
C02,v1,padrao,Psalm,Não,Não,,0,1
C02,v1,padrao,SonarQube,Sim,Sim,php:S907,1,1
C02,v1,completa,PHPMD,Sim,Sim,GotoStatement,1,1
C02,v1,completa,PHPCS,Sim,Sim,Generic.PHP.DiscourageGoto.Found,2,39
C02,v1,completa,PHPStan,Não,Não,,0,6
C02,v1,completa,Psalm,Não,Não,,0,8
C02,v1,completa,SonarQube,Sim,Sim,php:S907,1,6
C02,v2,padrao,PHPMD,Sim,Sim,GotoStatement,1,1
C02,v2,padrao,PHPCS,Não,Não,,0,0
C02,v2,padrao,PHPStan,Não,Não,,0,0
C02,v2,padrao,Psalm,Não,Não,,0,1
C02,v2,padrao,SonarQube,Sim,Sim,php:S907,1,1
C02,v2,completa,PHPMD,Sim,Sim,GotoStatement,1,1
C02,v2,completa,PHPCS,Sim,Sim,Generic.PHP.DiscourageGoto.Found,2,37
C02,v2,completa,PHPStan,Não,Não,,0,0
C02,v2,completa,Psalm,Não,Não,,0,1
C02,v2,completa,SonarQube,Sim,Sim,php:S907,1,4
C03,v1,padrao,PHPMD,Não,Não,,0,0
C03,v1,padrao,PHPCS,Não,Não,,0,0
C03,v1,padrao,PHPStan,Não,Não,,0,0
C03,v1,padrao,Psalm,Não,Não,,0,12
C03,v1,padrao,SonarQube,Não,Não,,0,0
C03,v1,completa,PHPMD,Não,Não,,0,0
C03,v1,completa,PHPCS,Não,Não,,0,85
C03,v1,completa,PHPStan,Não,Não,,0,7
C03,v1,completa,Psalm,Não,Não,,0,14
C03,v1,completa,SonarQube,Não,Não,,0,6
C03,v2,padrao,PHPMD,Não,Não,,0,0
C03,v2,padrao,PHPCS,Não,Não,,0,0
C03,v2,padrao,PHPStan,Não,Não,,0,0
C03,v2,padrao,Psalm,Não,Não,,0,5
C03,v2,padrao,SonarQube,Não,Não,,0,0
C03,v2,completa,PHPMD,Não,Não,,0,0
C03,v2,completa,PHPCS,Não,Não,,0,73
C03,v2,completa,PHPStan,Não,Não,,0,4
C03,v2,completa,Psalm,Não,Não,,0,7
C03,v2,completa,SonarQube,Não,Não,,0,6
C04,v1,padrao,PHPMD,Não,Não,,0,0
C04,v1,padrao,PHPCS,Não,Não,,0,0
C04,v1,padrao,PHPStan,Não,Não,,0,0
C04,v1,padrao,Psalm,Não,Não,,0,4
C04,v1,padrao,SonarQube,Não,Não,,0,0
C04,v1,completa,PHPMD,Não,Não,,0,0
C04,v1,completa,PHPCS,Não,Não,,0,60
C04,v1,completa,PHPStan,Não,Não,,0,2
C04,v1,completa,Psalm,Não,Não,,0,5
C04,v1,completa,SonarQube,Não,Não,,0,6
C04,v2,padrao,PHPMD,Não,Não,,0,0
C04,v2,padrao,PHPCS,Não,Não,,0,0
C04,v2,padrao,PHPStan,Não,Não,,0,0
C04,v2,padrao,Psalm,Não,Não,,0,20
C04,v2,padrao,SonarQube,Não,Não,,0,0
C04,v2,completa,PHPMD,Não,Não,,0,0
C04,v2,completa,PHPCS,Não,Não,,0,177
C04,v2,completa,PHPStan,Não,Não,,0,4
C04,v2,completa,Psalm,Não,Não,,0,24
C04,v2,completa,SonarQube,Não,Não,,0,20
C05,v1,padrao,PHPMD,Não,Não,,0,0
C05,v1,padrao,PHPCS,Não,Não,,0,0
C05,v1,padrao,PHPStan,Não,Não,,0,0
C05,v1,padrao,Psalm,Não,Não,,0,0
C05,v1,padrao,SonarQube,Não,Não,,0,0
C05,v1,completa,PHPMD,Não,Não,,0,0
C05,v1,completa,PHPCS,Não,Não,,0,1
C05,v1,completa,PHPStan,Não,Não,,0,0
C05,v1,completa,Psalm,Não,Não,,0,0
C05,v1,completa,SonarQube,Sim,Sim,Web:LongJavaScriptCheck,1,7
C05,v2,padrao,PHPMD,Não,Não,,0,0
C05,v2,padrao,PHPCS,Não,Não,,0,0
C05,v2,padrao,PHPStan,Não,Não,,0,0
C05,v2,padrao,Psalm,Não,Não,,0,0
C05,v2,padrao,SonarQube,Não,Não,,0,0
C05,v2,completa,PHPMD,Não,Não,,0,0
C05,v2,completa,PHPCS,Não,Não,,0,1
C05,v2,completa,PHPStan,Não,Não,,0,0
C05,v2,completa,Psalm,Não,Não,,0,0
C05,v2,completa,SonarQube,Não,Não,,0,7
C05,v3,padrao,PHPMD,Não,Não,,0,0
C05,v3,padrao,PHPCS,Não,Não,,0,0
C05,v3,padrao,PHPStan,Não,Não,,0,0
C05,v3,padrao,Psalm,Não,Não,,0,3
C05,v3,padrao,SonarQube,Não,Não,,0,0
C05,v3,completa,PHPMD,Não,Não,,0,0
C05,v3,completa,PHPCS,Não,Não,,0,19
C05,v3,completa,PHPStan,Não,Não,,0,1
C05,v3,completa,Psalm,Não,Não,,0,3
C05,v3,completa,SonarQube,Não,Não,,0,2
C06,v1,padrao,PHPMD,Não,Não,,0,0
C06,v1,padrao,PHPCS,Não,Não,,0,0
C06,v1,padrao,PHPStan,Não,Não,,0,0
C06,v1,padrao,Psalm,Não,Não,,0,0
C06,v1,padrao,SonarQube,Não,Não,,0,0
C06,v1,completa,PHPMD,Não,Não,,0,0
C06,v1,completa,PHPCS,Não,Não,,0,1
C06,v1,completa,PHPStan,Não,Não,,0,0
C06,v1,completa,Psalm,Não,Não,,0,0
C06,v1,completa,SonarQube,Não,Não,,0,5
C06,v2,padrao,PHPMD,Não,Não,,0,0
C06,v2,padrao,PHPCS,Não,Não,,0,0
C06,v2,padrao,PHPStan,Não,Não,,0,0
C06,v2,padrao,Psalm,Não,Não,,0,0
C06,v2,padrao,SonarQube,Não,Não,,0,0
C06,v2,completa,PHPMD,Não,Não,,0,0
C06,v2,completa,PHPCS,Não,Não,,0,1
C06,v2,completa,PHPStan,Não,Não,,0,0
C06,v2,completa,Psalm,Não,Não,,0,0
C06,v2,completa,SonarQube,Sim,Sim,Web:InlineStyleCheck,3,8
C06,v3,padrao,PHPMD,Não,Não,,0,0
C06,v3,padrao,PHPCS,Não,Não,,0,0
C06,v3,padrao,PHPStan,Não,Não,,0,0
C06,v3,padrao,Psalm,Não,Não,,0,1
C06,v3,padrao,SonarQube,Não,Não,,0,0
C06,v3,completa,PHPMD,Não,Não,,0,0
C06,v3,completa,PHPCS,Não,Não,,0,31
C06,v3,completa,PHPStan,Não,Não,,0,0
C06,v3,completa,Psalm,Não,Não,,0,1
C06,v3,completa,SonarQube,Não,Não,,0,3
C07,v1,padrao,PHPMD,Não,Não,,0,0
C07,v1,padrao,PHPCS,Não,Não,,0,0
C07,v1,padrao,PHPStan,Não,Não,,0,0
C07,v1,padrao,Psalm,Não,Não,,0,0
C07,v1,padrao,SonarQube,Não,Não,,0,0
C07,v1,completa,PHPMD,Não,Não,,0,0
C07,v1,completa,PHPCS,Não,Não,,0,1
C07,v1,completa,PHPStan,Não,Não,,0,0
C07,v1,completa,Psalm,Não,Não,,0,0
C07,v1,completa,SonarQube,Não,Não,,0,6
C07,v2,padrao,PHPMD,Não,Não,,0,0
C07,v2,padrao,PHPCS,Não,Não,,0,0
C07,v2,padrao,PHPStan,Não,Não,,0,0
C07,v2,padrao,Psalm,Não,Não,,0,0
C07,v2,padrao,SonarQube,Não,Não,,0,0
C07,v2,completa,PHPMD,Não,Não,,0,0
C07,v2,completa,PHPCS,Não,Não,,0,1
C07,v2,completa,PHPStan,Não,Não,,0,0
C07,v2,completa,Psalm,Não,Não,,0,0
C07,v2,completa,SonarQube,Não,Não,,0,5
C08,v1,padrao,PHPMD,Não,Não,,0,0
C08,v1,padrao,PHPCS,Não,Não,,0,0
C08,v1,padrao,PHPStan,Não,Não,,0,0
C08,v1,padrao,Psalm,Não,Não,,0,2
C08,v1,padrao,SonarQube,Não,Não,,0,0
C08,v1,completa,PHPMD,Não,Não,,0,0
C08,v1,completa,PHPCS,Não,Não,,0,122
C08,v1,completa,PHPStan,Não,Não,,0,6
C08,v1,completa,Psalm,Não,Não,,0,7
C08,v1,completa,SonarQube,Não,Não,,0,11
C08,v2,padrao,PHPMD,Não,Não,,0,0
C08,v2,padrao,PHPCS,Não,Não,,0,0
C08,v2,padrao,PHPStan,Não,Não,,0,0
C08,v2,padrao,Psalm,Não,Não,,0,6
C08,v2,padrao,SonarQube,Não,Não,,0,0
C08,v2,completa,PHPMD,Não,Não,,0,0
C08,v2,completa,PHPCS,Não,Não,,0,115
C08,v2,completa,PHPStan,Não,Não,,0,0
C08,v2,completa,Psalm,Não,Não,,0,6
C08,v2,completa,SonarQube,Não,Não,,0,10
C09,v1,padrao,PHPMD,Não,Não,,0,0
C09,v1,padrao,PHPCS,Não,Não,,0,0
C09,v1,padrao,PHPStan,Não,Não,,0,0
C09,v1,padrao,Psalm,Não,Não,,0,0
C09,v1,padrao,SonarQube,Não,Não,,0,0
C09,v1,completa,PHPMD,Não,Não,,0,0
C09,v1,completa,PHPCS,Não,Não,,0,2
C09,v1,completa,PHPStan,Não,Não,,0,0
C09,v1,completa,Psalm,Não,Não,,0,0
C09,v1,completa,SonarQube,Não,Não,,0,12
C09,v2,padrao,PHPMD,Não,Não,,0,0
C09,v2,padrao,PHPCS,Não,Não,,0,0
C09,v2,padrao,PHPStan,Não,Não,,0,0
C09,v2,padrao,Psalm,Não,Não,,0,10
C09,v2,padrao,SonarQube,Não,Não,,0,0
C09,v2,completa,PHPMD,Não,Não,,0,0
C09,v2,completa,PHPCS,Não,Não,,0,50
C09,v2,completa,PHPStan,Não,Não,,0,10
C09,v2,completa,Psalm,Não,Não,,0,14
C09,v2,completa,SonarQube,Não,Não,,0,3
C10,v1,padrao,PHPMD,Não,Não,,0,0
C10,v1,padrao,PHPCS,Não,Não,,0,0
C10,v1,padrao,PHPStan,Não,Não,,0,0
C10,v1,padrao,Psalm,Não,Não,,0,0
C10,v1,padrao,SonarQube,Não,Não,,0,0
C10,v1,completa,PHPMD,Não,Não,,0,0
C10,v1,completa,PHPCS,Não,Não,,0,1
C10,v1,completa,PHPStan,Não,Não,,0,0
C10,v1,completa,Psalm,Não,Não,,0,0
C10,v1,completa,SonarQube,Sim,Sim,Web:UnclosedTagCheck,1,6
C10,v2,padrao,PHPMD,Não,Não,,0,0
C10,v2,padrao,PHPCS,Não,Não,,0,0
C10,v2,padrao,PHPStan,Não,Não,,0,0
C10,v2,padrao,Psalm,Não,Não,,0,1
C10,v2,padrao,SonarQube,Não,Não,,0,0
C10,v2,completa,PHPMD,Não,Não,,0,0
C10,v2,completa,PHPCS,Não,Não,,0,27
C10,v2,completa,PHPStan,Não,Não,,0,0
C10,v2,completa,Psalm,Não,Não,,0,1
C10,v2,completa,SonarQube,Não,Não,,0,2
C10,v3,padrao,PHPMD,Não,Não,,0,0
C10,v3,padrao,PHPCS,Não,Não,,0,0
C10,v3,padrao,PHPStan,Não,Não,,0,0
C10,v3,padrao,Psalm,Não,Não,,0,0
C10,v3,padrao,SonarQube,Não,Não,,0,0
C10,v3,completa,PHPMD,Não,Não,,0,0
C10,v3,completa,PHPCS,Não,Não,,0,1
C10,v3,completa,PHPStan,Não,Não,,0,0
C10,v3,completa,Psalm,Não,Não,,0,0
C10,v3,completa,SonarQube,Sim,Não,Web:UnclosedTagCheck,1,5
C11,v1,padrao,PHPMD,Sim,Sim,ExcessiveClassLength,1,4
C11,v1,padrao,PHPCS,Não,Não,,0,0
C11,v1,padrao,PHPStan,Não,Não,,0,0
C11,v1,padrao,Psalm,Não,Não,,0,53
C11,v1,padrao,SonarQube,Não,Não,,0,13
C11,v1,completa,PHPMD,Sim,Sim,ExcessiveClassLength,1,4
C11,v1,completa,PHPCS,Não,Não,,0,2185
C11,v1,completa,PHPStan,Não,Não,,0,216
C11,v1,completa,Psalm,Não,Não,,0,256
C11,v1,completa,SonarQube,Sim,Sim,php:S2042,1,29
C11,v2,padrao,PHPMD,Sim,Sim,ExcessiveClassLength,1,4
C11,v2,padrao,PHPCS,Não,Não,,0,0
C11,v2,padrao,PHPStan,Não,Não,,0,0
C11,v2,padrao,Psalm,Não,Não,,0,68
C11,v2,padrao,SonarQube,Não,Não,,0,63
C11,v2,completa,PHPMD,Sim,Sim,ExcessiveClassLength,1,4
C11,v2,completa,PHPCS,Não,Não,,0,4346
C11,v2,completa,PHPStan,Não,Não,,0,538
C11,v2,completa,Psalm,Não,Não,,0,581
C11,v2,completa,SonarQube,Sim,Sim,php:S104; php:S2042,2,92
C12,v1,padrao,PHPMD,Sim,Sim,ExcessiveMethodLength,1,6
C12,v1,padrao,PHPCS,Não,Não,,0,0
C12,v1,padrao,PHPStan,Não,Não,,0,0
C12,v1,padrao,Psalm,Não,Não,,0,6
C12,v1,padrao,SonarQube,Não,Não,,0,0
C12,v1,completa,PHPMD,Sim,Sim,ExcessiveMethodLength,1,6
C12,v1,completa,PHPCS,Não,Não,,0,267
C12,v1,completa,PHPStan,Não,Não,,0,39
C12,v1,completa,Psalm,Não,Não,,0,60
C12,v1,completa,SonarQube,Não,Não,,0,2
C12,v2,padrao,PHPMD,Sim,Sim,ExcessiveMethodLength,1,8
C12,v2,padrao,PHPCS,Não,Não,,0,0
C12,v2,padrao,PHPStan,Não,Não,,0,0
C12,v2,padrao,Psalm,Não,Não,,0,17
C12,v2,padrao,SonarQube,Sim,Sim,php:S138,1,1
C12,v2,completa,PHPMD,Sim,Sim,ExcessiveMethodLength,1,8
C12,v2,completa,PHPCS,Não,Não,,0,549
C12,v2,completa,PHPStan,Não,Não,,0,103
C12,v2,completa,Psalm,Não,Não,,0,149
C12,v2,completa,SonarQube,Sim,Sim,php:S138,1,3
C13,v1,padrao,PHPMD,Sim,Sim,ExcessiveParameterList,1,2
C13,v1,padrao,PHPCS,Não,Não,,0,0
C13,v1,padrao,PHPStan,Não,Não,,0,0
C13,v1,padrao,Psalm,Não,Não,,0,14
C13,v1,padrao,SonarQube,Não,Sim,,0,0
C13,v1,completa,PHPMD,Sim,Sim,ExcessiveParameterList,1,2
C13,v1,completa,PHPCS,Não,Não,,0,91
C13,v1,completa,PHPStan,Não,Não,,0,15
C13,v1,completa,Psalm,Não,Não,,0,15
C13,v1,completa,SonarQube,Não,Sim,,0,2
C13,v2,padrao,PHPMD,Sim,Sim,ExcessiveParameterList,1,3
C13,v2,padrao,PHPCS,Não,Não,,0,0
C13,v2,padrao,PHPStan,Não,Não,,0,0
C13,v2,padrao,Psalm,Não,Não,,0,24
C13,v2,padrao,SonarQube,Não,Sim,,0,0
C13,v2,completa,PHPMD,Sim,Sim,ExcessiveParameterList,1,3
C13,v2,completa,PHPCS,Não,Não,,0,141
C13,v2,completa,PHPStan,Não,Não,,0,25
C13,v2,completa,Psalm,Não,Não,,0,25
C13,v2,completa,SonarQube,Não,Sim,,0,2
C14,v1,padrao,PHPMD,Sim,Sim,TooManyMethods,1,6
C14,v1,padrao,PHPCS,Não,Não,,0,0
C14,v1,padrao,PHPStan,Não,Não,,0,0
C14,v1,padrao,Psalm,Não,Não,,0,10
C14,v1,padrao,SonarQube,Sim,Sim,php:S1448,1,1
C14,v1,completa,PHPMD,Sim,Sim,TooManyMethods,1,6
C14,v1,completa,PHPCS,Não,Não,,0,473
C14,v1,completa,PHPStan,Não,Não,,0,48
C14,v1,completa,Psalm,Não,Não,,0,49
C14,v1,completa,SonarQube,Sim,Sim,php:S1448,1,31
C14,v2,padrao,PHPMD,Sim,Sim,TooManyMethods,1,10
C14,v2,padrao,PHPCS,Não,Não,,0,0
C14,v2,padrao,PHPStan,Não,Não,,0,0
C14,v2,padrao,Psalm,Não,Não,,0,20
C14,v2,padrao,SonarQube,Sim,Sim,php:S1448,1,1
C14,v2,completa,PHPMD,Sim,Sim,TooManyMethods,1,10
C14,v2,completa,PHPCS,Não,Não,,0,903
C14,v2,completa,PHPStan,Não,Não,,0,100
C14,v2,completa,Psalm,Não,Não,,0,102
C14,v2,completa,SonarQube,Sim,Sim,php:S1448,1,56
C15,v1,padrao,PHPMD,Sim,Sim,TooManyPublicMethods,1,3
C15,v1,padrao,PHPCS,Não,Não,,0,0
C15,v1,padrao,PHPStan,Não,Não,,0,0
C15,v1,padrao,Psalm,Não,Não,,0,12
C15,v1,padrao,SonarQube,Não,Não,,0,0
C15,v1,completa,PHPMD,Sim,Sim,TooManyPublicMethods,1,3
C15,v1,completa,PHPCS,Não,Não,,0,161
C15,v1,completa,PHPStan,Não,Não,,0,22
C15,v1,completa,Psalm,Não,Não,,0,34
C15,v1,completa,SonarQube,Não,Não,,0,14
C15,v2,padrao,PHPMD,Sim,Sim,TooManyPublicMethods,1,3
C15,v2,padrao,PHPCS,Não,Não,,0,0
C15,v2,padrao,PHPStan,Não,Não,,0,0
C15,v2,padrao,Psalm,Não,Não,,0,23
C15,v2,padrao,SonarQube,Não,Não,,0,0
C15,v2,completa,PHPMD,Sim,Sim,TooManyPublicMethods,1,3
C15,v2,completa,PHPCS,Não,Não,,0,284
C15,v2,completa,PHPStan,Não,Não,,0,49
C15,v2,completa,Psalm,Não,Não,,0,70
C15,v2,completa,SonarQube,Não,Não,,0,23
C16,v1,padrao,PHPMD,Sim,Sim,TooManyFields,1,3
C16,v1,padrao,PHPCS,Não,Não,,0,0
C16,v1,padrao,PHPStan,Não,Não,,0,0
C16,v1,padrao,Psalm,Não,Não,,0,3
C16,v1,padrao,SonarQube,Não,Não,,0,0
C16,v1,completa,PHPMD,Sim,Sim,TooManyFields,1,3
C16,v1,completa,PHPCS,Não,Não,,0,286
C16,v1,completa,PHPStan,Não,Não,,0,38
C16,v1,completa,Psalm,Não,Não,,0,40
C16,v1,completa,SonarQube,Não,Não,,0,5
C16,v2,padrao,PHPMD,Sim,Sim,TooManyFields,1,5
C16,v2,padrao,PHPCS,Não,Não,,0,0
C16,v2,padrao,PHPStan,Não,Não,,0,0
C16,v2,padrao,Psalm,Não,Não,,0,5
C16,v2,padrao,SonarQube,Não,Não,,0,0
C16,v2,completa,PHPMD,Sim,Sim,TooManyFields,1,5
C16,v2,completa,PHPCS,Não,Não,,0,498
C16,v2,completa,PHPStan,Não,Não,,0,69
C16,v2,completa,Psalm,Não,Não,,0,71
C16,v2,completa,SonarQube,Sim,Sim,php:S1820,1,6
C17,v1,padrao,PHPMD,Sim,Sim,ExcessivePublicCount,1,7
C17,v1,padrao,PHPCS,Não,Não,,0,0
C17,v1,padrao,PHPStan,Não,Não,,0,0
C17,v1,padrao,Psalm,Não,Não,,0,87
C17,v1,padrao,SonarQube,Não,Não,,0,0
C17,v1,completa,PHPMD,Sim,Sim,ExcessivePublicCount,1,7
C17,v1,completa,PHPCS,Não,Não,,0,474
C17,v1,completa,PHPStan,Não,Não,,0,82
C17,v1,completa,Psalm,Não,Não,,0,166
C17,v1,completa,SonarQube,Não,Não,,0,14
C17,v2,padrao,PHPMD,Sim,Sim,ExcessivePublicCount,1,37
C17,v2,padrao,PHPCS,Não,Não,,0,0
C17,v2,padrao,PHPStan,Não,Não,,0,0
C17,v2,padrao,Psalm,Não,Não,,0,155
C17,v2,padrao,SonarQube,Não,Não,,0,0
C17,v2,completa,PHPMD,Sim,Sim,ExcessivePublicCount,1,37
C17,v2,completa,PHPCS,Não,Não,,0,899
C17,v2,completa,PHPStan,Não,Não,,0,141
C17,v2,completa,Psalm,Não,Não,,0,284
C17,v2,completa,SonarQube,Não,Não,,0,17
C18,v1,padrao,PHPMD,Sim,Sim,CyclomaticComplexity,1,6
C18,v1,padrao,PHPCS,Não,Não,,0,0
C18,v1,padrao,PHPStan,Não,Não,,0,0
C18,v1,padrao,Psalm,Não,Não,,0,1
C18,v1,padrao,SonarQube,Não,Não,,0,0
C18,v1,completa,PHPMD,Sim,Sim,CyclomaticComplexity,1,6
C18,v1,completa,PHPCS,Sim,Sim,Generic.Metrics.CyclomaticComplexity.TooHigh,1,85
C18,v1,completa,PHPStan,Não,Não,,0,5
C18,v1,completa,Psalm,Não,Não,,0,16
C18,v1,completa,SonarQube,Não,Não,,0,3
C18,v2,padrao,PHPMD,Sim,Sim,CyclomaticComplexity,1,9
C18,v2,padrao,PHPCS,Não,Não,,0,0
C18,v2,padrao,PHPStan,Não,Não,,0,0
C18,v2,padrao,Psalm,Não,Não,,0,6
C18,v2,padrao,SonarQube,Não,Não,,0,0
C18,v2,completa,PHPMD,Sim,Sim,CyclomaticComplexity,1,9
C18,v2,completa,PHPCS,Sim,Sim,Generic.Metrics.CyclomaticComplexity.MaxExceeded,1,143
C18,v2,completa,PHPStan,Não,Não,,0,16
C18,v2,completa,Psalm,Não,Não,,0,37
C18,v2,completa,SonarQube,Não,Não,,0,3
C19,v1,padrao,PHPMD,Sim,Sim,NPathComplexity,1,2
C19,v1,padrao,PHPCS,Não,Não,,0,0
C19,v1,padrao,PHPStan,Não,Não,,0,0
C19,v1,padrao,Psalm,Não,Não,,0,6
C19,v1,padrao,SonarQube,Não,Não,,0,0
C19,v1,completa,PHPMD,Sim,Sim,NPathComplexity,1,2
C19,v1,completa,PHPCS,Não,Não,,0,57
C19,v1,completa,PHPStan,Não,Não,,0,3
C19,v1,completa,Psalm,Não,Não,,0,6
C19,v1,completa,SonarQube,Não,Não,,0,10
C19,v2,padrao,PHPMD,Sim,Sim,NPathComplexity,1,3
C19,v2,padrao,PHPCS,Não,Não,,0,0
C19,v2,padrao,PHPStan,Não,Não,,0,0
C19,v2,padrao,Psalm,Não,Não,,0,7
C19,v2,padrao,SonarQube,Não,Não,,0,0
C19,v2,completa,PHPMD,Sim,Sim,NPathComplexity,1,3
C19,v2,completa,PHPCS,Não,Não,,0,62
C19,v2,completa,PHPStan,Não,Não,,0,4
C19,v2,completa,Psalm,Não,Não,,0,7
C19,v2,completa,SonarQube,Não,Não,,0,11
C20,v1,padrao,PHPMD,Sim,Sim,ExcessiveClassComplexity,1,5
C20,v1,padrao,PHPCS,Não,Não,,0,0
C20,v1,padrao,PHPStan,Não,Não,,0,0
C20,v1,padrao,Psalm,Não,Não,,0,12
C20,v1,padrao,SonarQube,Não,Não,,0,0
C20,v1,completa,PHPMD,Sim,Sim,ExcessiveClassComplexity,1,5
C20,v1,completa,PHPCS,Não,Não,,0,349
C20,v1,completa,PHPStan,Não,Não,,0,32
C20,v1,completa,Psalm,Não,Não,,0,42
C20,v1,completa,SonarQube,Não,Não,,0,53
C20,v2,padrao,PHPMD,Sim,Sim,ExcessiveClassComplexity,1,10
C20,v2,padrao,PHPCS,Não,Não,,0,0
C20,v2,padrao,PHPStan,Não,Não,,0,0
C20,v2,padrao,Psalm,Não,Não,,0,27
C20,v2,padrao,SonarQube,Não,Não,,0,0
C20,v2,completa,PHPMD,Sim,Sim,ExcessiveClassComplexity,1,10
C20,v2,completa,PHPCS,Não,Não,,0,748
C20,v2,completa,PHPStan,Não,Não,,0,66
C20,v2,completa,Psalm,Não,Não,,0,76
C20,v2,completa,SonarQube,Não,Não,,0,105
C21,v1,padrao,PHPMD,Sim,Sim,CouplingBetweenObjects,1,9
C21,v1,padrao,PHPCS,Não,Não,,0,0
C21,v1,padrao,PHPStan,Não,Não,,0,0
C21,v1,padrao,Psalm,Não,Não,,0,6
C21,v1,padrao,SonarQube,Não,Não,,0,0
C21,v1,completa,PHPMD,Sim,Sim,CouplingBetweenObjects,1,9
C21,v1,completa,PHPCS,Não,Não,,0,172
C21,v1,completa,PHPStan,Não,Não,,0,17
C21,v1,completa,Psalm,Não,Não,,0,18
C21,v1,completa,SonarQube,Não,Não,,0,10
C21,v2,padrao,PHPMD,Sim,Sim,CouplingBetweenObjects,1,17
C21,v2,padrao,PHPCS,Não,Não,,0,0
C21,v2,padrao,PHPStan,Não,Não,,0,0
C21,v2,padrao,Psalm,Não,Não,,0,15
C21,v2,padrao,SonarQube,Não,Não,,0,0
C21,v2,completa,PHPMD,Sim,Sim,CouplingBetweenObjects,1,17
C21,v2,completa,PHPCS,Não,Não,,0,271
C21,v2,completa,PHPStan,Não,Não,,0,32
C21,v2,completa,Psalm,Não,Não,,0,35
C21,v2,completa,SonarQube,Não,Sim,,0,15
C22,v1,padrao,PHPMD,Sim,Sim,DepthOfInheritance,2,2
C22,v1,padrao,PHPCS,Não,Não,,0,0
C22,v1,padrao,PHPStan,Não,Não,,0,0
C22,v1,padrao,Psalm,Não,Não,,0,16
C22,v1,padrao,SonarQube,Sim,Sim,php:S110,2,2
C22,v1,completa,PHPMD,Sim,Sim,DepthOfInheritance,2,2
C22,v1,completa,PHPCS,Não,Não,,0,337
C22,v1,completa,PHPStan,Não,Não,,0,23
C22,v1,completa,Psalm,Não,Não,,0,31
C22,v1,completa,SonarQube,Sim,Sim,php:S110,2,37
C22,v2,padrao,PHPMD,Sim,Sim,DepthOfInheritance,7,8
C22,v2,padrao,PHPCS,Não,Não,,0,0
C22,v2,padrao,PHPStan,Não,Não,,0,0
C22,v2,padrao,Psalm,Não,Não,,0,26
C22,v2,padrao,SonarQube,Sim,Sim,php:S110,7,7
C22,v2,completa,PHPMD,Sim,Sim,DepthOfInheritance,7,8
C22,v2,completa,PHPCS,Não,Não,,0,510
C22,v2,completa,PHPStan,Não,Não,,0,40
C22,v2,completa,Psalm,Não,Não,,0,54
C22,v2,completa,SonarQube,Sim,Sim,php:S110,7,62
C23,v1,padrao,PHPMD,Sim,Sim,NumberOfChildren,1,1
C23,v1,padrao,PHPCS,Não,Não,,0,0
C23,v1,padrao,PHPStan,Não,Não,,0,0
C23,v1,padrao,Psalm,Não,Não,,0,101
C23,v1,padrao,SonarQube,Não,Não,,0,0
C23,v1,completa,PHPMD,Sim,Sim,NumberOfChildren,1,1
C23,v1,completa,PHPCS,Não,Não,,0,918
C23,v1,completa,PHPStan,Não,Não,,0,0
C23,v1,completa,Psalm,Não,Não,,0,101
C23,v1,completa,SonarQube,Não,Não,,0,100
C23,v2,padrao,PHPMD,Sim,Sim,NumberOfChildren,1,1
C23,v2,padrao,PHPCS,Não,Não,,0,0
C23,v2,padrao,PHPStan,Não,Não,,0,0
C23,v2,padrao,Psalm,Não,Não,,0,185
C23,v2,padrao,SonarQube,Não,Não,,0,0
C23,v2,completa,PHPMD,Sim,Sim,NumberOfChildren,1,1
C23,v2,completa,PHPCS,Não,Não,,0,1674
C23,v2,completa,PHPStan,Não,Não,,0,0
C23,v2,completa,Psalm,Não,Não,,0,185
C23,v2,completa,SonarQube,Não,Não,,0,184
C24,v1,padrao,PHPMD,Não,Não,,0,2
C24,v1,padrao,PHPCS,Não,Não,,0,0
C24,v1,padrao,PHPStan,Não,Não,,0,0
C24,v1,padrao,Psalm,Não,Não,,0,4
C24,v1,padrao,SonarQube,Sim,Sim,php:S4144,1,1
C24,v1,completa,PHPMD,Não,Não,,0,2
C24,v1,completa,PHPCS,Não,Não,,0,124
C24,v1,completa,PHPStan,Não,Não,,0,24
C24,v1,completa,Psalm,Não,Não,,0,44
C24,v1,completa,SonarQube,Sim,Sim,php:S4144,1,6
C24,v2,padrao,PHPMD,Não,Não,,0,2
C24,v2,padrao,PHPCS,Não,Não,,0,0
C24,v2,padrao,PHPStan,Não,Não,,0,0
C24,v2,padrao,Psalm,Não,Não,,0,4
C24,v2,padrao,SonarQube,Não,Não,,0,0
C24,v2,completa,PHPMD,Não,Não,,0,2
C24,v2,completa,PHPCS,Não,Não,,0,134
C24,v2,completa,PHPStan,Não,Não,,0,18
C24,v2,completa,Psalm,Não,Não,,0,24
C24,v2,completa,SonarQube,Não,Não,,0,10
C24,v3,padrao,PHPMD,Não,Não,,0,2
C24,v3,padrao,PHPCS,Não,Não,,0,0
C24,v3,padrao,PHPStan,Não,Não,,0,0
C24,v3,padrao,Psalm,Não,Não,,0,6
C24,v3,padrao,SonarQube,Não,Não,,0,0
C24,v3,completa,PHPMD,Não,Não,,0,2
C24,v3,completa,PHPCS,Não,Não,,0,118
C24,v3,completa,PHPStan,Não,Não,,0,30
C24,v3,completa,Psalm,Não,Não,,0,41
C24,v3,completa,SonarQube,Não,Não,,0,6
C25,v1,padrao,PHPMD,Sim,Sim,UnusedPrivateField,1,1
C25,v1,padrao,PHPCS,Não,Não,,0,0
C25,v1,padrao,PHPStan,Não,Não,,0,0
C25,v1,padrao,Psalm,Sim,Sim,UnusedProperty,1,1
C25,v1,padrao,SonarQube,Sim,Sim,php:S1068,1,1
C25,v1,completa,PHPMD,Sim,Sim,UnusedPrivateField,1,1
C25,v1,completa,PHPCS,Não,Não,,0,9
C25,v1,completa,PHPStan,Sim,Sim,property.onlyWritten,1,1
C25,v1,completa,Psalm,Sim,Sim,UnusedProperty,1,1
C25,v1,completa,SonarQube,Sim,Sim,php:S1068,1,1
C25,v2,padrao,PHPMD,Sim,Sim,UnusedPrivateField,1,1
C25,v2,padrao,PHPCS,Não,Não,,0,0
C25,v2,padrao,PHPStan,Não,Não,,0,0
C25,v2,padrao,Psalm,Sim,Sim,UnusedProperty,1,1
C25,v2,padrao,SonarQube,Sim,Sim,php:S1068,1,1
C25,v2,completa,PHPMD,Sim,Sim,UnusedPrivateField,1,1
C25,v2,completa,PHPCS,Não,Não,,0,9
C25,v2,completa,PHPStan,Sim,Sim,property.onlyWritten,1,1
C25,v2,completa,Psalm,Sim,Sim,UnusedProperty,1,1
C25,v2,completa,SonarQube,Sim,Sim,php:S1068,1,1
C25,v3,padrao,PHPMD,Não,Sim,,0,0
C25,v3,padrao,PHPCS,Não,Não,,0,0
C25,v3,padrao,PHPStan,Não,Não,,0,0
C25,v3,padrao,Psalm,Sim,Sim,UnusedProperty,1,1
C25,v3,padrao,SonarQube,Não,Não,,0,0
C25,v3,completa,PHPMD,Não,Sim,,0,0
C25,v3,completa,PHPCS,Não,Não,,0,21
C25,v3,completa,PHPStan,Sim,Sim,property.onlyWritten,1,1
C25,v3,completa,Psalm,Sim,Sim,UnusedProperty,1,1
C25,v3,completa,SonarQube,Não,Não,,0,1
C26,v1,padrao,PHPMD,Sim,Sim,UnusedPrivateMethod,1,1
C26,v1,padrao,PHPCS,Não,Não,,0,0
C26,v1,padrao,PHPStan,Não,Não,,0,0
C26,v1,padrao,Psalm,Não,Sim,,0,0
C26,v1,padrao,SonarQube,Sim,Sim,php:S1144,1,1
C26,v1,completa,PHPMD,Sim,Sim,UnusedPrivateMethod,1,1
C26,v1,completa,PHPCS,Não,Não,,0,19
C26,v1,completa,PHPStan,Sim,Sim,method.unused,1,1
C26,v1,completa,Psalm,Não,Sim,,0,0
C26,v1,completa,SonarQube,Sim,Sim,php:S1144,1,2
C26,v2,padrao,PHPMD,Sim,Sim,UnusedPrivateMethod,1,1
C26,v2,padrao,PHPCS,Não,Não,,0,0
C26,v2,padrao,PHPStan,Não,Não,,0,0
C26,v2,padrao,Psalm,Não,Sim,,0,0
C26,v2,padrao,SonarQube,Sim,Sim,php:S1144,1,1
C26,v2,completa,PHPMD,Sim,Sim,UnusedPrivateMethod,1,1
C26,v2,completa,PHPCS,Não,Não,,0,21
C26,v2,completa,PHPStan,Sim,Sim,method.unused,1,1
C26,v2,completa,Psalm,Não,Sim,,0,0
C26,v2,completa,SonarQube,Sim,Sim,php:S1144,1,2
C27,v1,padrao,PHPMD,Sim,Sim,UnusedLocalVariable,1,2
C27,v1,padrao,PHPCS,Não,Não,,0,0
C27,v1,padrao,PHPStan,Não,Não,,0,0
C27,v1,padrao,Psalm,Sim,Sim,UnusedVariable,1,2
C27,v1,padrao,SonarQube,Sim,Sim,php:S1481,1,1
C27,v1,completa,PHPMD,Sim,Sim,UnusedLocalVariable,1,2
C27,v1,completa,PHPCS,Não,Não,,0,16
C27,v1,completa,PHPStan,Não,Não,,0,3
C27,v1,completa,Psalm,Sim,Sim,UnusedVariable,1,6
C27,v1,completa,SonarQube,Sim,Sim,php:S1481,1,2
C27,v2,padrao,PHPMD,Sim,Sim,UnusedLocalVariable,1,2
C27,v2,padrao,PHPCS,Não,Não,,0,0
C27,v2,padrao,PHPStan,Não,Não,,0,0
C27,v2,padrao,Psalm,Sim,Sim,UnusedForeachValue,1,2
C27,v2,padrao,SonarQube,Sim,Sim,php:S1481,1,1
C27,v2,completa,PHPMD,Sim,Sim,UnusedLocalVariable,1,2
C27,v2,completa,PHPCS,Não,Não,,0,19
C27,v2,completa,PHPStan,Não,Não,,0,1
C27,v2,completa,Psalm,Sim,Sim,UnusedForeachValue,1,3
C27,v2,completa,SonarQube,Sim,Sim,php:S1481,1,3
C27,v3,padrao,PHPMD,Sim,Sim,UnusedLocalVariable,1,1
C27,v3,padrao,PHPCS,Não,Não,,0,0
C27,v3,padrao,PHPStan,Não,Não,,0,0
C27,v3,padrao,Psalm,Sim,Sim,UnusedVariable,1,3
C27,v3,padrao,SonarQube,Sim,Sim,php:S1481,1,1
C27,v3,completa,PHPMD,Sim,Sim,UnusedLocalVariable,1,1
C27,v3,completa,PHPCS,Não,Não,,0,18
C27,v3,completa,PHPStan,Não,Não,,0,3
C27,v3,completa,Psalm,Sim,Sim,UnusedVariable,1,5
C27,v3,completa,SonarQube,Sim,Sim,php:S1481,1,2
C28,v1,padrao,PHPMD,Sim,Sim,UnusedFormalParameter,1,1
C28,v1,padrao,PHPCS,Não,Não,,0,0
C28,v1,padrao,PHPStan,Não,Não,,0,0
C28,v1,padrao,Psalm,Sim,Sim,UnusedParam,1,4
C28,v1,padrao,SonarQube,Sim,Sim,php:S1172,1,1
C28,v1,completa,PHPMD,Sim,Sim,UnusedFormalParameter,1,1
C28,v1,completa,PHPCS,Sim,Sim,Generic.CodeAnalysis.UnusedFunctionParameter.FoundInExtendedClassAfterLastUsed,1,38
C28,v1,completa,PHPStan,Não,Não,,0,4
C28,v1,completa,Psalm,Sim,Sim,UnusedParam,1,6
C28,v1,completa,SonarQube,Sim,Sim,php:S1172,1,3
C28,v2,padrao,PHPMD,Sim,Sim,UnusedFormalParameter,1,1
C28,v2,padrao,PHPCS,Não,Não,,0,0
C28,v2,padrao,PHPStan,Não,Não,,0,0
C28,v2,padrao,Psalm,Sim,Sim,PossiblyUnusedParam,1,2
C28,v2,padrao,SonarQube,Não,Sim,,0,0
C28,v2,completa,PHPMD,Sim,Sim,UnusedFormalParameter,1,1
C28,v2,completa,PHPCS,Sim,Sim,Generic.CodeAnalysis.UnusedFunctionParameter.FoundInExtendedClassBeforeLastUsed,1,21
C28,v2,completa,PHPStan,Não,Não,,0,2
C28,v2,completa,Psalm,Sim,Sim,PossiblyUnusedParam,1,4
C28,v2,completa,SonarQube,Não,Sim,,0,1
C28,v3,padrao,PHPMD,Sim,Sim,UnusedFormalParameter,1,1
C28,v3,padrao,PHPCS,Não,Não,,0,0
C28,v3,padrao,PHPStan,Não,Não,,0,0
C28,v3,padrao,Psalm,Sim,Não,PossiblyUnusedParam,1,5
C28,v3,padrao,SonarQube,Sim,Sim,php:S1172,1,1
C28,v3,completa,PHPMD,Sim,Sim,UnusedFormalParameter,1,1
C28,v3,completa,PHPCS,Sim,Sim,Generic.CodeAnalysis.UnusedFunctionParameter.FoundAfterLastUsed,1,54
C28,v3,completa,PHPStan,Sim,Sim,constructor.unusedParameter,1,3
C28,v3,completa,Psalm,Sim,Não,PossiblyUnusedParam,1,6
C28,v3,completa,SonarQube,Sim,Sim,php:S1172,1,6
C29,v1,padrao,PHPMD,Sim,Sim,EmptyCatchBlock,1,1
C29,v1,padrao,PHPCS,Não,Não,,0,0
C29,v1,padrao,PHPStan,Não,Não,,0,0
C29,v1,padrao,Psalm,Não,Não,,0,6
C29,v1,padrao,SonarQube,Sim,Sim,php:S108,1,1
C29,v1,completa,PHPMD,Sim,Sim,EmptyCatchBlock,1,1
C29,v1,completa,PHPCS,Sim,Sim,Generic.CodeAnalysis.EmptyStatement.DetectedCatch; Squiz.Commenting.EmptyCatchComment.Missing,2,28
C29,v1,completa,PHPStan,Não,Não,,0,5
C29,v1,completa,Psalm,Não,Não,,0,7
C29,v1,completa,SonarQube,Sim,Sim,php:S108,1,4
C29,v2,padrao,PHPMD,Não,Sim,,0,2
C29,v2,padrao,PHPCS,Não,Não,,0,0
C29,v2,padrao,PHPStan,Não,Não,,0,0
C29,v2,padrao,Psalm,Não,Não,,0,3
C29,v2,padrao,SonarQube,Não,Não,,0,0
C29,v2,completa,PHPMD,Não,Sim,,0,2
C29,v2,completa,PHPCS,Sim,Sim,Generic.CodeAnalysis.EmptyStatement.DetectedCatch,1,24
C29,v2,completa,PHPStan,Não,Não,,0,1
C29,v2,completa,Psalm,Não,Não,,0,3
C29,v2,completa,SonarQube,Não,Não,,0,3
C29,v3,padrao,PHPMD,Sim,Sim,EmptyCatchBlock,1,3
C29,v3,padrao,PHPCS,Não,Não,,0,0
C29,v3,padrao,PHPStan,Não,Não,,0,0
C29,v3,padrao,Psalm,Não,Não,,0,3
C29,v3,padrao,SonarQube,Sim,Sim,php:S108,1,1
C29,v3,completa,PHPMD,Sim,Sim,EmptyCatchBlock,1,3
C29,v3,completa,PHPCS,Sim,Sim,Generic.CodeAnalysis.EmptyStatement.DetectedCatch; Squiz.Commenting.EmptyCatchComment.Missing,2,43
C29,v3,completa,PHPStan,Não,Não,,0,5
C29,v3,completa,Psalm,Não,Não,,0,8
C29,v3,completa,SonarQube,Sim,Sim,php:S108,1,8
C30,v1,padrao,PHPMD,Não,Não,,0,0
C30,v1,padrao,PHPCS,Não,Não,,0,0
C30,v1,padrao,PHPStan,Não,Não,,0,0
C30,v1,padrao,Psalm,Não,Não,,0,3
C30,v1,padrao,SonarQube,Não,Não,,0,0
C30,v1,completa,PHPMD,Não,Não,,0,0
C30,v1,completa,PHPCS,Sim,Sim,PEAR.Commenting.FunctionComment.Missing; Squiz.Commenting.FunctionComment.Missing,2,11
C30,v1,completa,PHPStan,Não,Não,,0,0
C30,v1,completa,Psalm,Não,Não,,0,3
C30,v1,completa,SonarQube,Não,Não,,0,1
C30,v2,padrao,PHPMD,Não,Não,,0,0
C30,v2,padrao,PHPCS,Não,Não,,0,0
C30,v2,padrao,PHPStan,Não,Não,,0,0
C30,v2,padrao,Psalm,Não,Não,,0,1
C30,v2,padrao,SonarQube,Não,Não,,0,0
C30,v2,completa,PHPMD,Não,Não,,0,0
C30,v2,completa,PHPCS,Sim,Sim,PEAR.Commenting.FunctionComment.Missing; Squiz.Commenting.FunctionComment.Missing,2,28
C30,v2,completa,PHPStan,Não,Não,,0,0
C30,v2,completa,Psalm,Não,Não,,0,1
C30,v2,completa,SonarQube,Não,Não,,0,2
C31,v1,padrao,PHPMD,Não,Não,,0,0
C31,v1,padrao,PHPCS,Não,Não,,0,0
C31,v1,padrao,PHPStan,Não,Não,,0,0
C31,v1,padrao,Psalm,Sim,Sim,MissingReturnType,1,2
C31,v1,padrao,SonarQube,Não,Não,,0,0
C31,v1,completa,PHPMD,Não,Não,,0,0
C31,v1,completa,PHPCS,Sim,Sim,PEAR.Commenting.FunctionComment.MissingReturn; Squiz.Commenting.FunctionComment.MissingReturn,2,17
C31,v1,completa,PHPStan,Sim,Sim,missingType.return,1,1
C31,v1,completa,Psalm,Sim,Sim,MissingReturnType,1,2
C31,v1,completa,SonarQube,Não,Não,,0,1
C31,v2,padrao,PHPMD,Não,Não,,0,0
C31,v2,padrao,PHPCS,Não,Não,,0,0
C31,v2,padrao,PHPStan,Não,Não,,0,0
C31,v2,padrao,Psalm,Não,Não,,0,1
C31,v2,padrao,SonarQube,Não,Não,,0,0
C31,v2,completa,PHPMD,Não,Não,,0,0
C31,v2,completa,PHPCS,Sim,Sim,PEAR.Commenting.FunctionComment.MissingReturn; Squiz.Commenting.FunctionComment.MissingReturn,2,17
C31,v2,completa,PHPStan,Não,Não,,0,0
C31,v2,completa,Psalm,Não,Não,,0,1
C31,v2,completa,SonarQube,Não,Não,,0,1
C32,v1,padrao,PHPMD,Não,Não,,0,0
C32,v1,padrao,PHPCS,Não,Não,,0,0
C32,v1,padrao,PHPStan,Não,Não,,0,0
C32,v1,padrao,Psalm,Não,Não,,0,1
C32,v1,padrao,SonarQube,Não,Não,,0,0
C32,v1,completa,PHPMD,Não,Não,,0,0
C32,v1,completa,PHPCS,Sim,Sim,Generic.Commenting.DocComment.NonParamGroup,1,17
C32,v1,completa,PHPStan,Não,Não,,0,0
C32,v1,completa,Psalm,Não,Não,,0,1
C32,v1,completa,SonarQube,Não,Não,,0,1
C32,v2,padrao,PHPMD,Não,Não,,0,0
C32,v2,padrao,PHPCS,Não,Não,,0,0
C32,v2,padrao,PHPStan,Não,Não,,0,0
C32,v2,padrao,Psalm,Não,Não,,0,1
C32,v2,padrao,SonarQube,Não,Não,,0,0
C32,v2,completa,PHPMD,Não,Não,,0,0
C32,v2,completa,PHPCS,Sim,Sim,Generic.Commenting.DocComment.ParamGroup,1,19
C32,v2,completa,PHPStan,Não,Não,,0,0
C32,v2,completa,Psalm,Não,Não,,0,1
C32,v2,completa,SonarQube,Não,Não,,0,1
C32,v3,padrao,PHPMD,Não,Não,,0,0
C32,v3,padrao,PHPCS,Não,Não,,0,0
C32,v3,padrao,PHPStan,Não,Não,,0,0
C32,v3,padrao,Psalm,Não,Não,,0,1
C32,v3,padrao,SonarQube,Não,Não,,0,0
C32,v3,completa,PHPMD,Não,Não,,0,0
C32,v3,completa,PHPCS,Sim,Sim,Generic.Commenting.DocComment.ParamNotFirst,1,18
C32,v3,completa,PHPStan,Não,Não,,0,0
C32,v3,completa,Psalm,Não,Não,,0,1
C32,v3,completa,SonarQube,Não,Não,,0,1
C33,v1,padrao,PHPMD,Não,Não,,0,0
C33,v1,padrao,PHPCS,Não,Não,,0,0
C33,v1,padrao,PHPStan,Não,Não,,0,0
C33,v1,padrao,Psalm,Não,Não,,0,2
C33,v1,padrao,SonarQube,Não,Não,,0,0
C33,v1,completa,PHPMD,Não,Não,,0,0
C33,v1,completa,PHPCS,Sim,Sim,PEAR.Commenting.FunctionComment.WrongStyle; Squiz.Commenting.FunctionComment.WrongStyle,2,20
C33,v1,completa,PHPStan,Não,Não,,0,0
C33,v1,completa,Psalm,Não,Não,,0,2
C33,v1,completa,SonarQube,Não,Não,,0,1
C33,v2,padrao,PHPMD,Não,Não,,0,0
C33,v2,padrao,PHPCS,Não,Não,,0,0
C33,v2,padrao,PHPStan,Não,Não,,0,0
C33,v2,padrao,Psalm,Não,Não,,0,2
C33,v2,padrao,SonarQube,Não,Não,,0,0
C33,v2,completa,PHPMD,Não,Não,,0,0
C33,v2,completa,PHPCS,Sim,Sim,PEAR.Commenting.FunctionComment.WrongStyle; Squiz.Commenting.FunctionComment.WrongStyle,2,13
C33,v2,completa,PHPStan,Não,Não,,0,0
C33,v2,completa,Psalm,Não,Não,,0,2
C33,v2,completa,SonarQube,Não,Não,,0,1
C33,v3,padrao,PHPMD,Não,Não,,0,0
C33,v3,padrao,PHPCS,Não,Não,,0,0
C33,v3,padrao,PHPStan,Não,Não,,0,0
C33,v3,padrao,Psalm,Não,Não,,0,3
C33,v3,padrao,SonarQube,Não,Não,,0,0
C33,v3,completa,PHPMD,Não,Não,,0,0
C33,v3,completa,PHPCS,Sim,Sim,PEAR.Commenting.ClassComment.WrongStyle; Squiz.Commenting.ClassComment.WrongStyle,2,31
C33,v3,completa,PHPStan,Não,Não,,0,0
C33,v3,completa,Psalm,Não,Não,,0,3
C33,v3,completa,SonarQube,Não,Não,,0,4
C34,v1,padrao,PHPMD,Não,Não,,0,0
C34,v1,padrao,PHPCS,Não,Não,,0,0
C34,v1,padrao,PHPStan,Não,Não,,0,0
C34,v1,padrao,Psalm,Sim,Sim,InvalidDocblock,1,2
C34,v1,padrao,SonarQube,Não,Não,,0,0
C34,v1,completa,PHPMD,Não,Não,,0,0
C34,v1,completa,PHPCS,Sim,Sim,PEAR.Commenting.FunctionComment.MissingParamName; Squiz.Commenting.FunctionComment.MissingParamName,2,21
C34,v1,completa,PHPStan,Sim,Sim,phpDoc.parseError,1,1
C34,v1,completa,Psalm,Sim,Sim,InvalidDocblock,1,2
C34,v1,completa,SonarQube,Não,Não,,0,1
C34,v2,padrao,PHPMD,Não,Não,,0,0
C34,v2,padrao,PHPCS,Não,Não,,0,0
C34,v2,padrao,PHPStan,Não,Não,,0,0
C34,v2,padrao,Psalm,Não,Não,,0,1
C34,v2,padrao,SonarQube,Não,Não,,0,0
C34,v2,completa,PHPMD,Não,Não,,0,0
C34,v2,completa,PHPCS,Sim,Sim,PEAR.Commenting.FunctionComment.MissingParamName; Squiz.Commenting.FunctionComment.MissingParamName,2,23
C34,v2,completa,PHPStan,Sim,Sim,phpDoc.parseError,1,1
C34,v2,completa,Psalm,Não,Não,,0,1
C34,v2,completa,SonarQube,Não,Não,,0,1
C35,v1,padrao,PHPMD,Não,Não,,0,0
C35,v1,padrao,PHPCS,Sim,Sim,Squiz.Functions.MultiLineFunctionDeclaration.BraceOnSameLine,1,1
C35,v1,padrao,PHPStan,Não,Não,,0,0
C35,v1,padrao,Psalm,Não,Não,,0,1
C35,v1,padrao,SonarQube,Não,Não,,0,0
C35,v1,completa,PHPMD,Não,Não,,0,0
C35,v1,completa,PHPCS,Sim,Sim,Generic.Functions.OpeningFunctionBraceBsdAllman.BraceOnSameLine; PEAR.Functions.FunctionDeclaration.BraceOnSameLine; Squiz.Functions.MultiLineFunctionDeclaration.BraceOnSameLine,3,18
C35,v1,completa,PHPStan,Não,Não,,0,0
C35,v1,completa,Psalm,Não,Não,,0,1
C35,v1,completa,SonarQube,Sim,Sim,php:S1106; php:S1808,2,2
C35,v2,padrao,PHPMD,Não,Não,,0,0
C35,v2,padrao,PHPCS,Sim,Sim,PSR2.Classes.ClassDeclaration.OpenBraceNewLine,1,1
C35,v2,padrao,PHPStan,Não,Não,,0,0
C35,v2,padrao,Psalm,Não,Não,,0,2
C35,v2,padrao,SonarQube,Não,Não,,0,0
C35,v2,completa,PHPMD,Não,Não,,0,0
C35,v2,completa,PHPCS,Sim,Sim,Generic.Functions.OpeningFunctionBraceKernighanRitchie.BraceOnNewLine; PEAR.Classes.ClassDeclaration.OpenBraceNewLine; PSR2.Classes.ClassDeclaration.OpenBraceNewLine; Squiz.Classes.ClassDeclaration.OpenBraceNewLine,4,34
C35,v2,completa,PHPStan,Não,Não,,0,0
C35,v2,completa,Psalm,Não,Não,,0,2
C35,v2,completa,SonarQube,Sim,Sim,php:S1105; php:S1106; php:S1808,3,5
C35,v3,padrao,PHPMD,Não,Não,,0,0
C35,v3,padrao,PHPCS,Sim,Sim,Squiz.ControlStructures.ControlSignature.SpaceAfterCloseParenthesis,1,1
C35,v3,padrao,PHPStan,Não,Não,,0,0
C35,v3,padrao,Psalm,Não,Não,,0,4
C35,v3,padrao,SonarQube,Não,Não,,0,0
C35,v3,completa,PHPMD,Não,Não,,0,0
C35,v3,completa,PHPCS,Sim,Sim,Generic.Functions.OpeningFunctionBraceKernighanRitchie.BraceOnNewLine; PEAR.ControlStructures.ControlSignature.Found; Squiz.ControlStructures.ControlSignature.SpaceAfterCloseParenthesis,3,25
C35,v3,completa,PHPStan,Não,Não,,0,0
C35,v3,completa,Psalm,Não,Não,,0,4
C35,v3,completa,SonarQube,Sim,Sim,php:S1105; php:S1808,3,3
C36,v1,padrao,PHPMD,Não,Não,,0,0
C36,v1,padrao,PHPCS,Sim,Sim,Generic.Functions.FunctionCallArgumentSpacing.NoSpaceAfterComma,1,1
C36,v1,padrao,PHPStan,Não,Não,,0,0
C36,v1,padrao,Psalm,Não,Não,,0,1
C36,v1,padrao,SonarQube,Não,Não,,0,0
C36,v1,completa,PHPMD,Não,Não,,0,0
C36,v1,completa,PHPCS,Sim,Sim,Generic.Functions.FunctionCallArgumentSpacing.NoSpaceAfterComma,1,18
C36,v1,completa,PHPStan,Não,Não,,0,0
C36,v1,completa,Psalm,Não,Não,,0,1
C36,v1,completa,SonarQube,Sim,Sim,php:S1808,1,2
C36,v2,padrao,PHPMD,Não,Não,,0,0
C36,v2,padrao,PHPCS,Sim,Sim,Squiz.Functions.FunctionDeclarationArgumentSpacing.NoSpaceBeforeHint,1,1
C36,v2,padrao,PHPStan,Não,Não,,0,0
C36,v2,padrao,Psalm,Não,Não,,0,1
C36,v2,padrao,SonarQube,Não,Não,,0,0
C36,v2,completa,PHPMD,Não,Não,,0,0
C36,v2,completa,PHPCS,Sim,Sim,Squiz.Functions.FunctionDeclarationArgumentSpacing.NoSpaceBeforeHint,1,18
C36,v2,completa,PHPStan,Não,Não,,0,0
C36,v2,completa,Psalm,Não,Não,,0,1
C36,v2,completa,SonarQube,Sim,Sim,php:S1808,1,2
C36,v3,padrao,PHPMD,Não,Não,,0,0
C36,v3,padrao,PHPCS,Não,Não,,0,0
C36,v3,padrao,PHPStan,Não,Não,,0,0
C36,v3,padrao,Psalm,Não,Não,,0,1
C36,v3,padrao,SonarQube,Não,Não,,0,0
C36,v3,completa,PHPMD,Não,Não,,0,0
C36,v3,completa,PHPCS,Sim,Sim,Squiz.Arrays.ArrayDeclaration.NoSpaceAfterComma,2,20
C36,v3,completa,PHPStan,Não,Não,,0,0
C36,v3,completa,Psalm,Não,Não,,0,1
C36,v3,completa,SonarQube,Não,Não,,0,2
C37,v1,padrao,PHPMD,Não,Não,,0,0
C37,v1,padrao,PHPCS,Sim,Sim,PSR2.Methods.FunctionCallSignature.CloseBracketLine; PSR2.Methods.FunctionCallSignature.Indent,2,2
C37,v1,padrao,PHPStan,Não,Não,,0,0
C37,v1,padrao,Psalm,Não,Não,,0,1
C37,v1,padrao,SonarQube,Não,Não,,0,0
C37,v1,completa,PHPMD,Não,Não,,0,0
C37,v1,completa,PHPCS,Sim,Sim,PEAR.Functions.FunctionCallSignature.CloseBracketLine; PEAR.Functions.FunctionCallSignature.Indent; PSR2.Methods.FunctionCallSignature.CloseBracketLine; PSR2.Methods.FunctionCallSignature.Indent,4,25
C37,v1,completa,PHPStan,Não,Não,,0,0
C37,v1,completa,Psalm,Não,Não,,0,1
C37,v1,completa,SonarQube,Sim,Sim,php:S1808,1,2
C37,v2,padrao,PHPMD,Não,Não,,0,0
C37,v2,padrao,PHPCS,Sim,Sim,PSR2.Methods.FunctionCallSignature.ContentAfterOpenBracket,1,1
C37,v2,padrao,PHPStan,Não,Não,,0,0
C37,v2,padrao,Psalm,Não,Não,,0,1
C37,v2,padrao,SonarQube,Não,Não,,0,0
C37,v2,completa,PHPMD,Não,Não,,0,0
C37,v2,completa,PHPCS,Sim,Sim,PEAR.Functions.FunctionCallSignature.ContentAfterOpenBracket; PSR2.Methods.FunctionCallSignature.ContentAfterOpenBracket,2,23
C37,v2,completa,PHPStan,Não,Não,,0,0
C37,v2,completa,Psalm,Não,Não,,0,1
C37,v2,completa,SonarQube,Sim,Sim,php:S1808,1,2
C38,v1,padrao,PHPMD,Não,Não,,0,0
C38,v1,padrao,PHPCS,Não,Não,,0,0
C38,v1,padrao,PHPStan,Não,Não,,0,0
C38,v1,padrao,Psalm,Não,Não,,0,1
C38,v1,padrao,SonarQube,Não,Não,,0,0
C38,v1,completa,PHPMD,Não,Não,,0,0
C38,v1,completa,PHPCS,Sim,Sim,Generic.Commenting.DocComment.SpacingBeforeTags,1,17
C38,v1,completa,PHPStan,Não,Não,,0,0
C38,v1,completa,Psalm,Não,Não,,0,1
C38,v1,completa,SonarQube,Não,Não,,0,1
C38,v2,padrao,PHPMD,Não,Não,,0,0
C38,v2,padrao,PHPCS,Não,Não,,0,0
C38,v2,padrao,PHPStan,Não,Não,,0,0
C38,v2,padrao,Psalm,Não,Não,,0,1
C38,v2,padrao,SonarQube,Não,Não,,0,0
C38,v2,completa,PHPMD,Não,Não,,0,0
C38,v2,completa,PHPCS,Sim,Sim,Generic.Commenting.DocComment.SpacingBeforeTags,1,19
C38,v2,completa,PHPStan,Não,Não,,0,0
C38,v2,completa,Psalm,Não,Não,,0,1
C38,v2,completa,SonarQube,Não,Não,,0,1
