cs_id,cs_nome,ferramenta,regra,grupo,cobertura,ativa_padrao,ativa_completa,limiar_padrao,fonte,observacao
C01,Development Code Fragment,PHPMD,DevelopmentCodeFragment,design,total,Sim,Sim,"funções var_dump, print_r, debug_zval_dump, debug_print_backtrace (unwanted-functions)",https://github.com/phpmd/phpmd/blob/2.15.0/src/main/resources/rulesets/design.xml,confirmado em execução
C01,Development Code Fragment,PHPCS,Squiz.PHP.DiscouragedFunctions.Discouraged,Squiz,total,Não,Sim,"funções error_log, print_r, var_dump (forbiddenFunctions)",https://github.com/PHPCSStandards/PHP_CodeSniffer/blob/4.0.4/src/Standards/Squiz/Sniffs/PHP/DiscouragedFunctionsSniff.php,aviso; Generic.PHP.ForbiddenFunctions só acusa sizeof/delete por padrão; PEAR (padrão até 3.x): Não
C01,Development Code Fragment,SonarQube,—,,—,Não,Não,,https://github.com/SonarSource/sonar-php/blob/3.60.0.16641/php-checks/src/main/resources/org/sonar/l10n/php/rules/php/S4507.json,"sem regra correspondente; quase: php:S4507 (Debugging features should not be enabled in production) só cobre configuração de debug do CakePHP/WordPress, não var_dump()/print_r(); nenhuma regra PHP menciona var_dump, print_r ou phpinfo"
C01,Development Code Fragment,PHPStan,—,—,—,Não,Não,,https://github.com/phpstan/phpstan-src/blob/2.2.16/src/Rules/Debug/DumpTypeRule.php,"sem regra correspondente; quase: phpstan.dumpType só acusa a função de depuração do próprio PHPStan (PHPStan\dumpType()), não var_dump()/print_r()"
C01,Development Code Fragment,Psalm,ForbiddenCode — chamada a var_dump() (e shell_exec()) embutida; demais funções só via <forbiddenFunctions>,errorLevel 1–4 (ERROR_LEVEL = 4; em 5–8 vira info),parcial,Sim,Sim,,https://psalm.dev/docs/running_psalm/issues/ForbiddenCode/,parcial: print_r() não é acusado sem lista forbiddenFunctions (NamedFunctionCallHandler só testa var_dump/shell_exec); no experimento original (nível 7) sai só como info
C02,Goto Statement,PHPMD,GotoStatement,design,total,Sim,Sim,,https://github.com/phpmd/phpmd/blob/2.15.0/src/main/resources/rulesets/design.xml,confirmado em execução
C02,Goto Statement,PHPCS,Generic.PHP.DiscourageGoto.Found,Generic,total,Não,Sim,,https://github.com/PHPCSStandards/PHP_CodeSniffer/blob/4.0.4/src/Standards/Generic/Sniffs/PHP/DiscourageGotoSniff.php,aviso; só no padrão Generic; PEAR (padrão até 3.x): Não
C02,Goto Statement,SonarQube,"php:S907 — ""goto"" statement should not be used",Code Smell / Major / tags: brain-overload,total,Sim,Sim,,https://github.com/SonarSource/sonar-php/blob/3.60.0.16641/php-checks/src/main/resources/org/sonar/l10n/php/rules/php/S907.json ; https://github.com/SonarSource/sonar-php/blob/3.60.0.16641/php-checks/src/main/java/org/sonar/php/checks/GotoUseCheck.java,sinaliza todo uso de goto
C02,Goto Statement,PHPStan,—,—,—,Não,Não,,https://github.com/phpstan/phpstan-src/blob/2.2.16/src/Rules/Keywords/GotoUndefinedLabelRule.php,"sem regra correspondente; quase: goto.labelUndefined (nível 0, rótulo inexistente) e label.unused (nível 4, só com bleedingEdge) — nenhuma acusa o uso de goto"
C02,Goto Statement,Psalm,—,—,—,Não,Não,,https://github.com/vimeo/psalm/blob/6.18.0/src/Psalm/Internal/Analyzer/StatementsAnalyzer.php,"sem regra correspondente; o analisador ignora Goto_/Label (""do nothing"" em StatementsAnalyzer)"
C03,Implicitly Granted Privileges,PHPMD,—,,—,Não,Não,,https://github.com/phpmd/phpmd/tree/2.15.0/src/main/resources/rulesets,sem regra correspondente; controle de acesso/privilégios está fora do escopo da ferramenta
C03,Implicitly Granted Privileges,PHPCS,—,,—,Não,Não,,https://github.com/PHPCSStandards/PHP_CodeSniffer/tree/4.0.4/src/Standards,sem regra correspondente; controle de acesso/privilégios está fora do escopo da ferramenta
C03,Implicitly Granted Privileges,SonarQube,—,,—,Não,Não,,https://github.com/SonarSource/sonar-php/blob/3.60.0.16641/php-checks/src/main/resources/org/sonar/l10n/php/rules/php/S5808.json,"sem regra correspondente; quase: php:S5808 (Authorizations should be based on strong decisions) trata de voters do Symfony que sempre concedem acesso, não de privilégio implícito"
C03,Implicitly Granted Privileges,PHPStan,—,—,—,Não,Não,,https://phpstan.org/user-guide/rule-levels,sem regra correspondente (não modela privilégios/autorização)
C03,Implicitly Granted Privileges,Psalm,—,—,—,Não,Não,,https://psalm.dev/docs/running_psalm/error_levels/,"sem regra correspondente (não modela privilégios; a análise de taint trata fluxo de dados, não privilégios)"
C04,Semantically Related Privileges,PHPMD,—,,—,Não,Não,,https://github.com/phpmd/phpmd/tree/2.15.0/src/main/resources/rulesets,sem regra correspondente; controle de acesso/privilégios está fora do escopo da ferramenta
C04,Semantically Related Privileges,PHPCS,—,,—,Não,Não,,https://github.com/PHPCSStandards/PHP_CodeSniffer/tree/4.0.4/src/Standards,sem regra correspondente; controle de acesso/privilégios está fora do escopo da ferramenta
C04,Semantically Related Privileges,SonarQube,—,,—,Não,Não,,,sem regra correspondente
C04,Semantically Related Privileges,PHPStan,—,—,—,Não,Não,,https://phpstan.org/user-guide/rule-levels,sem regra correspondente (não modela privilégios/autorização)
C04,Semantically Related Privileges,Psalm,—,—,—,Não,Não,,https://psalm.dev/docs/running_psalm/error_levels/,"sem regra correspondente (não modela privilégios; a análise de taint trata fluxo de dados, não privilégios)"
C05,Embedded/Inline JavaScript,PHPMD,—,,—,Não,Não,,https://github.com/phpmd/phpmd/tree/2.15.0/src/main/resources/rulesets,sem regra correspondente; não analisa HTML/JS
C05,Embedded/Inline JavaScript,PHPCS,—,,—,Não,Não,,https://github.com/PHPCSStandards/PHP_CodeSniffer/tree/4.0.4/src/Standards,"sem regra correspondente; quase: Generic.Files.InlineHTML acusa qualquer HTML fora das tags PHP, sem distinguir <script> e sem ver HTML em strings/echo"
C05,Embedded/Inline JavaScript,SonarQube,Web:LongJavaScriptCheck — JavaScript scriptlets should not have too many lines of code,"Code Smell / Major / analisador HTML (sonar-html), linguagem web",parcial,Não,Sim,> 5 linhas de JS num <script> (maxLines=5),https://github.com/SonarSource/sonar-html/blob/3.31.0.8334/sonar-html-plugin/src/main/resources/org/sonar/l10n/web/rules/Web/LongJavaScriptCheck.json ; https://github.com/SonarSource/sonar-html/blob/3.31.0.8334/sonar-html-plugin/src/main/java/org/sonar/plugins/html/checks/scripting/LongJavaScriptCheck.java,"parcial: só blocos <script> longos no HTML fora de <?php ?>; não vê atributos on* nem HTML gerado por echo; regra do analisador HTML, que também lê .php (HtmlConstants.OTHER_FILE_SUFFIXES); ativa_completa pressupõe também o perfil web completo (script com LANGUAGES=""php web"")"
C05,Embedded/Inline JavaScript,SonarQube,Web:IllegalElementCheck — Track uses of disallowed elements,"Code Smell / Major / analisador HTML (sonar-html), linguagem web",total,Não,Não,,https://github.com/SonarSource/sonar-html/blob/3.31.0.8334/sonar-html-plugin/src/main/resources/org/sonar/l10n/web/rules/Web/IllegalElementCheck.json ; https://github.com/SonarSource/sonar-html/blob/3.31.0.8334/sonar-html-plugin/src/main/java/org/sonar/plugins/html/checks/structure/IllegalElementCheck.java,"só detecta com elements=script (padrão vazio: sem parâmetro não faz nada); ativa_completa pressupõe também o perfil web completo (script com LANGUAGES=""php web"")"
C05,Embedded/Inline JavaScript,SonarQube,Web:IllegalAttributeCheck — Track uses of disallowed attributes,"Code Smell / Major / analisador HTML (sonar-html), linguagem web",total,Não,Não,,https://github.com/SonarSource/sonar-html/blob/3.31.0.8334/sonar-html-plugin/src/main/resources/org/sonar/l10n/web/rules/Web/IllegalAttributeCheck.json ; https://github.com/SonarSource/sonar-html/blob/3.31.0.8334/sonar-html-plugin/src/main/java/org/sonar/plugins/html/checks/attributes/IllegalAttributeCheck.java,"só detecta com attributes configurado (ex.: *.onclick; padrão vazio); ativa_completa pressupõe também o perfil web completo (script com LANGUAGES=""php web"")"
C05,Embedded/Inline JavaScript,PHPStan,—,—,—,Não,Não,,https://phpstan.org/user-guide/rule-levels,sem regra correspondente (não analisa HTML/CSS/JavaScript gerado)
C05,Embedded/Inline JavaScript,Psalm,—,—,—,Não,Não,,https://psalm.dev/docs/running_psalm/error_levels/,sem regra correspondente (não analisa HTML/CSS/JavaScript gerado)
C06,Embedded/Inline CSS,PHPMD,—,,—,Não,Não,,https://github.com/phpmd/phpmd/tree/2.15.0/src/main/resources/rulesets,sem regra correspondente; não analisa HTML/CSS
C06,Embedded/Inline CSS,PHPCS,—,,—,Não,Não,,https://github.com/PHPCSStandards/PHP_CodeSniffer/tree/4.0.4/src/Standards,"sem regra correspondente; quase: Generic.Files.InlineHTML acusa qualquer HTML fora das tags PHP, sem distinguir <style>/style="
C06,Embedded/Inline CSS,SonarQube,"Web:InlineStyleCheck — The ""style"" attribute should not be used","Code Smell / Major / analisador HTML (sonar-html), linguagem web",total,Não,Sim,,https://github.com/SonarSource/sonar-html/blob/3.31.0.8334/sonar-html-plugin/src/main/resources/org/sonar/l10n/web/rules/Web/InlineStyleCheck.json ; https://github.com/SonarSource/sonar-html/blob/3.31.0.8334/sonar-html-plugin/src/main/java/org/sonar/plugins/html/checks/style/InlineStyleCheck.java,"cobre só o atributo style (não tags <style>) e só HTML fora de <?php ?>; quase no PHP: php:S1997 marca qualquer HTML inline no arquivo; ativa_completa pressupõe também o perfil web completo (script com LANGUAGES=""php web"")"
C06,Embedded/Inline CSS,SonarQube,Web:IllegalElementCheck — Track uses of disallowed elements,"Code Smell / Major / analisador HTML (sonar-html), linguagem web",total,Não,Não,,https://github.com/SonarSource/sonar-html/blob/3.31.0.8334/sonar-html-plugin/src/main/resources/org/sonar/l10n/web/rules/Web/IllegalElementCheck.json ; https://github.com/SonarSource/sonar-html/blob/3.31.0.8334/sonar-html-plugin/src/main/java/org/sonar/plugins/html/checks/structure/IllegalElementCheck.java,"tags <style> só com elements=style (padrão vazio); ativa_completa pressupõe também o perfil web completo (script com LANGUAGES=""php web"")"
C06,Embedded/Inline CSS,PHPStan,—,—,—,Não,Não,,https://phpstan.org/user-guide/rule-levels,sem regra correspondente (não analisa HTML/CSS/JavaScript gerado)
C06,Embedded/Inline CSS,Psalm,—,—,—,Não,Não,,https://psalm.dev/docs/running_psalm/error_levels/,sem regra correspondente (não analisa HTML/CSS/JavaScript gerado)
C07,CSS in JavaScript,PHPMD,—,,—,Não,Não,,https://github.com/phpmd/phpmd/tree/2.15.0/src/main/resources/rulesets,sem regra correspondente; não analisa JavaScript
C07,CSS in JavaScript,PHPCS,—,,—,Não,Não,,https://github.com/PHPCSStandards/PHP_CodeSniffer/tree/4.0.4/src/Standards,sem regra correspondente; suporte a arquivos JS/CSS removido no 4.0.0
C07,CSS in JavaScript,SonarQube,—,,—,Não,Não,,,sem regra correspondente; nenhuma regra PHP nem HTML trata estilo definido em JavaScript
C07,CSS in JavaScript,PHPStan,—,—,—,Não,Não,,https://phpstan.org/user-guide/rule-levels,sem regra correspondente (não analisa HTML/CSS/JavaScript gerado)
C07,CSS in JavaScript,Psalm,—,—,—,Não,Não,,https://psalm.dev/docs/running_psalm/error_levels/,sem regra correspondente (não analisa HTML/CSS/JavaScript gerado)
C08,Fontes dispersas,PHPMD,—,,—,Não,Não,,https://github.com/phpmd/phpmd/tree/2.15.0/src/main/resources/rulesets,sem regra correspondente
C08,Fontes dispersas,PHPCS,—,,—,Não,Não,,https://github.com/PHPCSStandards/PHP_CodeSniffer/tree/4.0.4/src/Standards,sem regra correspondente
C08,Fontes dispersas,SonarQube,—,,—,Não,Não,,,sem regra correspondente
C08,Fontes dispersas,PHPStan,—,—,—,Não,Não,,https://phpstan.org/user-guide/rule-levels,sem regra correspondente (não analisa HTML/CSS/JavaScript gerado)
C08,Fontes dispersas,Psalm,—,—,—,Não,Não,,https://psalm.dev/docs/running_psalm/error_levels/,sem regra correspondente (não analisa HTML/CSS/JavaScript gerado)
C09,JavaScript duplicado,PHPMD,—,,—,Não,Não,,https://github.com/phpmd/phpmd/tree/2.15.0/src/main/resources/rulesets,sem regra correspondente; não analisa JavaScript nem detecta clones
C09,JavaScript duplicado,PHPCS,—,,—,Não,Não,,https://github.com/PHPCSStandards/PHP_CodeSniffer/tree/4.0.4/src/Standards,sem regra correspondente; suporte a JS removido no 4.0.0; sem detecção de clones
C09,JavaScript duplicado,SonarQube,—,,—,Não,Não,,,"sem regra correspondente; a detecção de duplicação (CPD) do PHP ignora HTML inline e normaliza literais string (CpdVisitor), logo não compara o JS embutido"
C09,JavaScript duplicado,PHPStan,—,—,—,Não,Não,,https://phpstan.org/user-guide/rule-levels,sem regra correspondente (não analisa HTML/CSS/JavaScript gerado)
C09,JavaScript duplicado,Psalm,—,—,—,Não,Não,,https://psalm.dev/docs/running_psalm/error_levels/,sem regra correspondente (não analisa HTML/CSS/JavaScript gerado)
C10,HTML com erro de sintaxe,PHPMD,—,,—,Não,Não,,https://github.com/phpmd/phpmd/tree/2.15.0/src/main/resources/rulesets,sem regra correspondente; não analisa HTML
C10,HTML com erro de sintaxe,PHPCS,—,,—,Não,Não,,https://github.com/PHPCSStandards/PHP_CodeSniffer/tree/4.0.4/src/Standards,sem regra correspondente; quase: Generic.PHP.Syntax verifica só a sintaxe PHP (php -l)
C10,HTML com erro de sintaxe,SonarQube,Web:UnclosedTagCheck — All HTML tags should be closed,"Bug / Minor / analisador HTML (sonar-html), linguagem web",total,Não,Sim,"ignora por padrão tags de fechamento opcional (ignoreTags=HTML,HEAD,BODY,P,LI,TD,IMG,BR...)",https://github.com/SonarSource/sonar-html/blob/3.31.0.8334/sonar-html-plugin/src/main/resources/org/sonar/l10n/web/rules/Web/UnclosedTagCheck.json ; https://github.com/SonarSource/sonar-html/blob/3.31.0.8334/sonar-html-plugin/src/main/java/org/sonar/plugins/html/checks/coding/UnclosedTagCheck.java,"só tags não fechadas no HTML fora de <?php ?>; HTML dentro de strings/echo não é analisado; ativa_completa pressupõe também o perfil web completo (script com LANGUAGES=""php web"")"
C10,HTML com erro de sintaxe,PHPStan,—,—,—,Não,Não,,https://phpstan.org/user-guide/rule-levels,sem regra correspondente (não analisa HTML/CSS/JavaScript gerado)
C10,HTML com erro de sintaxe,Psalm,—,—,—,Não,Não,,https://psalm.dev/docs/running_psalm/error_levels/,sem regra correspondente (não analisa HTML/CSS/JavaScript gerado)
C11,Excessive Class Length,PHPMD,ExcessiveClassLength,codesize,total,Sim,Sim,≥ 1.000 linhas (minimum=1000; ignore-whitespace=false),https://github.com/phpmd/phpmd/blob/2.15.0/src/main/resources/rulesets/codesize.xml,dispara em loc >= limiar; confirmado em execução
C11,Excessive Class Length,PHPCS,—,,—,Não,Não,,https://github.com/PHPCSStandards/PHP_CodeSniffer/tree/4.0.4/src/Standards,"sem regra correspondente; Generic.Files.LineLength mede largura de linha, não tamanho de classe"
C11,Excessive Class Length,SonarQube,php:S2042 — Classes should not have too many lines of code,Code Smell / Major / tags: brain-overload,total,Não,Sim,> 200 linhas de código na classe (maximumLinesThreshold=200),https://github.com/SonarSource/sonar-php/blob/3.60.0.16641/php-checks/src/main/resources/org/sonar/l10n/php/rules/php/S2042.json ; https://github.com/SonarSource/sonar-php/blob/3.60.0.16641/php-checks/src/main/java/org/sonar/php/checks/TooManyLinesInClassCheck.java,
C11,Excessive Class Length,SonarQube,php:S104 — Files should not have too many lines of code,Code Smell / Major / tags: brain-overload,total,Não,Sim,> 1000 linhas de código no arquivo (max=1000),https://github.com/SonarSource/sonar-php/blob/3.60.0.16641/php-checks/src/main/resources/org/sonar/l10n/php/rules/php/S104.json ; https://github.com/SonarSource/sonar-php/blob/3.60.0.16641/php-checks/src/main/java/org/sonar/php/checks/TooManyLinesInFileCheck.java,"mede o arquivo, não a classe"
C11,Excessive Class Length,PHPStan,—,—,—,Não,Não,,https://phpstan.org/user-guide/rule-levels,sem regra correspondente (não há métricas de tamanho)
C11,Excessive Class Length,Psalm,—,—,—,Não,Não,,https://psalm.dev/docs/running_psalm/error_levels/,sem regra correspondente (não há métricas de tamanho)
C12,Excessive Method Length,PHPMD,ExcessiveMethodLength,codesize,total,Sim,Sim,≥ 100 linhas (minimum=100; ignore-whitespace=false),https://github.com/phpmd/phpmd/blob/2.15.0/src/main/resources/rulesets/codesize.xml,dispara em loc >= limiar; confirmado em execução
C12,Excessive Method Length,PHPCS,—,,—,Não,Não,,https://github.com/PHPCSStandards/PHP_CodeSniffer/tree/4.0.4/src/Standards,sem regra correspondente
C12,Excessive Method Length,SonarQube,php:S138 — Functions should not have too many lines of code,Code Smell / Major / tags: brain-overload,total,Sim,Sim,> 150 linhas de código na função (max=150),https://github.com/SonarSource/sonar-php/blob/3.60.0.16641/php-checks/src/main/resources/org/sonar/l10n/php/rules/php/S138.json ; https://github.com/SonarSource/sonar-php/blob/3.60.0.16641/php-checks/src/main/java/org/sonar/php/checks/TooManyLinesInFunctionCheck.java,método de 101–150 linhas não é sinalizado com o limiar padrão
C12,Excessive Method Length,PHPStan,—,—,—,Não,Não,,https://phpstan.org/user-guide/rule-levels,sem regra correspondente (não há métricas de tamanho)
C12,Excessive Method Length,Psalm,—,—,—,Não,Não,,https://psalm.dev/docs/running_psalm/error_levels/,sem regra correspondente (não há métricas de tamanho)
C13,Excessive Parameter List,PHPMD,ExcessiveParameterList,codesize,total,Sim,Sim,≥ 10 parâmetros (minimum=10),https://github.com/phpmd/phpmd/blob/2.15.0/src/main/resources/rulesets/codesize.xml,dispara já com 10 parâmetros; confirmado em execução
C13,Excessive Parameter List,PHPCS,—,,—,Não,Não,,https://github.com/PHPCSStandards/PHP_CodeSniffer/tree/4.0.4/src/Standards,sem regra correspondente
C13,Excessive Parameter List,SonarQube,php:S107 — Functions should not have too many parameters,Code Smell / Major / tags: brain-overload,total,Sim,Sim,> 7 parâmetros (max=7; constructorMax=7),https://github.com/SonarSource/sonar-php/blob/3.60.0.16641/php-checks/src/main/resources/org/sonar/l10n/php/rules/php/S107.json ; https://github.com/SonarSource/sonar-php/blob/3.60.0.16641/php-checks/src/main/java/org/sonar/php/checks/TooManyFunctionParametersCheck.java,ignora métodos que sobrescrevem/implementam outro
C13,Excessive Parameter List,PHPStan,—,—,—,Não,Não,,https://phpstan.org/user-guide/rule-levels,sem regra correspondente (não há métricas de tamanho)
C13,Excessive Parameter List,Psalm,—,—,—,Não,Não,,https://psalm.dev/docs/running_psalm/error_levels/,sem regra correspondente (não há métricas de tamanho)
C14,Too Many Methods,PHPMD,TooManyMethods,codesize,total,Sim,Sim,> 25 métodos (maxmethods=25),https://github.com/phpmd/phpmd/blob/2.15.0/src/main/resources/rulesets/codesize.xml,ignora métodos get/set/is/has/with (ignorepattern); confirmado em execução
C14,Too Many Methods,PHPCS,—,,—,Não,Não,,https://github.com/PHPCSStandards/PHP_CodeSniffer/tree/4.0.4/src/Standards,sem regra correspondente
C14,Too Many Methods,SonarQube,php:S1448 — Classes should not have too many methods,Code Smell / Major / tags: brain-overload,total,Sim,Sim,> 20 métodos (maximumMethodThreshold=20; countNonpublicMethods=true),https://github.com/SonarSource/sonar-php/blob/3.60.0.16641/php-checks/src/main/resources/org/sonar/l10n/php/rules/php/S1448.json ; https://github.com/SonarSource/sonar-php/blob/3.60.0.16641/php-checks/src/main/java/org/sonar/php/checks/TooManyMethodsInClassCheck.java,ignora classes só com getters/setters e entidades @Entity
C14,Too Many Methods,PHPStan,—,—,—,Não,Não,,https://phpstan.org/user-guide/rule-levels,sem regra correspondente (não há métricas de tamanho)
C14,Too Many Methods,Psalm,—,—,—,Não,Não,,https://psalm.dev/docs/running_psalm/error_levels/,sem regra correspondente (não há métricas de tamanho)
C15,Too Many Public Methods,PHPMD,TooManyPublicMethods,codesize,total,Sim,Sim,> 10 métodos públicos (maxmethods=10),https://github.com/phpmd/phpmd/blob/2.15.0/src/main/resources/rulesets/codesize.xml,ignora métodos get/set/is/has/with (ignorepattern); confirmado em execução
C15,Too Many Public Methods,PHPCS,—,,—,Não,Não,,https://github.com/PHPCSStandards/PHP_CodeSniffer/tree/4.0.4/src/Standards,sem regra correspondente
C15,Too Many Public Methods,SonarQube,php:S1448 — Classes should not have too many methods,Code Smell / Major / tags: brain-overload,parcial,Sim,Sim,> 20 métodos de qualquer visibilidade (maximumMethodThreshold=20; countNonpublicMethods=true),https://github.com/SonarSource/sonar-php/blob/3.60.0.16641/php-checks/src/main/resources/org/sonar/l10n/php/rules/php/S1448.json ; https://github.com/SonarSource/sonar-php/blob/3.60.0.16641/php-checks/src/main/java/org/sonar/php/checks/TooManyMethodsInClassCheck.java,parcial: só conta apenas métodos públicos com countNonpublicMethods=false (não é o padrão)
C15,Too Many Public Methods,PHPStan,—,—,—,Não,Não,,https://phpstan.org/user-guide/rule-levels,sem regra correspondente (não há métricas de tamanho)
C15,Too Many Public Methods,Psalm,—,—,—,Não,Não,,https://psalm.dev/docs/running_psalm/error_levels/,sem regra correspondente (não há métricas de tamanho)
C16,Too Many Fields,PHPMD,TooManyFields,codesize,total,Sim,Sim,> 15 campos (maxfields=15),https://github.com/phpmd/phpmd/blob/2.15.0/src/main/resources/rulesets/codesize.xml,confirmado em execução
C16,Too Many Fields,PHPCS,—,,—,Não,Não,,https://github.com/PHPCSStandards/PHP_CodeSniffer/tree/4.0.4/src/Standards,sem regra correspondente
C16,Too Many Fields,SonarQube,php:S1820 — Classes should not have too many fields,Code Smell / Major / tags: brain-overload,total,Não,Sim,> 20 campos (maximumFieldThreshold=20; countNonpublicFields=true),https://github.com/SonarSource/sonar-php/blob/3.60.0.16641/php-checks/src/main/resources/org/sonar/l10n/php/rules/php/S1820.json ; https://github.com/SonarSource/sonar-php/blob/3.60.0.16641/php-checks/src/main/java/org/sonar/php/checks/TooManyFieldsInClassCheck.java,
C16,Too Many Fields,PHPStan,—,—,—,Não,Não,,https://phpstan.org/user-guide/rule-levels,sem regra correspondente (não há métricas de tamanho)
C16,Too Many Fields,Psalm,—,—,—,Não,Não,,https://psalm.dev/docs/running_psalm/error_levels/,sem regra correspondente (não há métricas de tamanho)
C17,Excessive Public Count,PHPMD,ExcessivePublicCount,codesize,total,Sim,Sim,≥ 45 métodos e atributos públicos (minimum=45),https://github.com/phpmd/phpmd/blob/2.15.0/src/main/resources/rulesets/codesize.xml,confirmado em execução
C17,Excessive Public Count,PHPCS,—,,—,Não,Não,,https://github.com/PHPCSStandards/PHP_CodeSniffer/tree/4.0.4/src/Standards,sem regra correspondente
C17,Excessive Public Count,SonarQube,—,,—,Não,Não,,https://github.com/SonarSource/sonar-php/blob/3.60.0.16641/php-checks/src/main/resources/org/sonar/l10n/php/rules/php/S1448.json ; https://github.com/SonarSource/sonar-php/blob/3.60.0.16641/php-checks/src/main/resources/org/sonar/l10n/php/rules/php/S1820.json,"sem regra correspondente; quase: php:S1448 e php:S1820 com countNonpublic*=false contam métodos e campos públicos separadamente, nunca somados"
C17,Excessive Public Count,PHPStan,—,—,—,Não,Não,,https://phpstan.org/user-guide/rule-levels,sem regra correspondente (não há métricas de tamanho)
C17,Excessive Public Count,Psalm,—,—,—,Não,Não,,https://psalm.dev/docs/running_psalm/error_levels/,sem regra correspondente (não há métricas de tamanho)
C18,Cyclomatic Complexity,PHPMD,CyclomaticComplexity,codesize,total,Sim,Sim,≥ 10 (reportLevel=10),https://github.com/phpmd/phpmd/blob/2.15.0/src/main/resources/rulesets/codesize.xml,dispara em CCN >= limiar; confirmado em execução
C18,Cyclomatic Complexity,PHPCS,Generic.Metrics.CyclomaticComplexity,Generic,total,Não,Sim,> 10 aviso TooHigh (complexity=10); > 20 erro MaxExceeded (absoluteComplexity=20),https://github.com/PHPCSStandards/PHP_CodeSniffer/blob/4.0.4/src/Standards/Generic/Sniffs/Metrics/CyclomaticComplexitySniff.php,só no padrão Generic; confirmado em execução; PEAR (padrão até 3.x): Não
C18,Cyclomatic Complexity,SonarQube,php:S1541 — Cyclomatic Complexity of functions should not be too high,Code Smell / Critical / tags: brain-overload,total,Não,Sim,> 20 de complexidade ciclomática (threshold=20),https://github.com/SonarSource/sonar-php/blob/3.60.0.16641/php-checks/src/main/resources/org/sonar/l10n/php/rules/php/S1541.json ; https://github.com/SonarSource/sonar-php/blob/3.60.0.16641/php-checks/src/main/java/org/sonar/php/checks/FunctionComplexityCheck.java,"fora do Sonar way; no padrão só há php:S3776 (complexidade cognitiva > 15), outra métrica"
C18,Cyclomatic Complexity,PHPStan,—,—,—,Não,Não,,https://phpstan.org/user-guide/rule-levels,sem regra correspondente (não há métricas de complexidade)
C18,Cyclomatic Complexity,Psalm,ComplexMethod / ComplexFunction — método/função cujo grafo de uso de variáveis excede o limite do projeto,"opção limitMethodComplexity=""true"" (opt-in; sempre erro quando ligada)",aproximada,Não,Sim,maxGraphSize=200; maxAvgPathLength=70,https://github.com/vimeo/psalm/blob/6.18.0/src/Psalm/Internal/Analyzer/StatementsAnalyzer.php,"aproximado: mede tamanho do grafo de fluxo de dados e caminho médio, não complexidade ciclomática/NPath; exige análise de variáveis não usadas ligada"
C19,NPath Complexity,PHPMD,NPathComplexity,codesize,total,Sim,Sim,≥ 200 caminhos (minimum=200),https://github.com/phpmd/phpmd/blob/2.15.0/src/main/resources/rulesets/codesize.xml,confirmado em execução
C19,NPath Complexity,PHPCS,—,,—,Não,Não,,https://github.com/PHPCSStandards/PHP_CodeSniffer/tree/4.0.4/src/Standards,"sem regra correspondente; quase: Generic.Metrics.NestingLevel mede aninhamento (nestingLevel=5, absoluteNestingLevel=10)"
C19,NPath Complexity,SonarQube,—,,—,Não,Não,,https://github.com/SonarSource/sonar-php/blob/3.60.0.16641/php-checks/src/main/resources/org/sonar/l10n/php/rules/php/S3776.json ; https://github.com/SonarSource/sonar-php/blob/3.60.0.16641/php-checks/src/main/resources/org/sonar/l10n/php/rules/php/S1067.json,"sem regra correspondente; quase: php:S3776 (complexidade cognitiva, Sonar way, threshold=15) e php:S1067 (complexidade de expressão, max=3); nenhuma mede NPath"
C19,NPath Complexity,PHPStan,—,—,—,Não,Não,,https://phpstan.org/user-guide/rule-levels,sem regra correspondente (não há métricas de complexidade)
C19,NPath Complexity,Psalm,ComplexMethod / ComplexFunction — método/função cujo grafo de uso de variáveis excede o limite do projeto,"opção limitMethodComplexity=""true"" (opt-in; sempre erro quando ligada)",aproximada,Não,Sim,maxGraphSize=200; maxAvgPathLength=70,https://github.com/vimeo/psalm/blob/6.18.0/src/Psalm/Internal/Analyzer/StatementsAnalyzer.php,"aproximado: mede tamanho do grafo de fluxo de dados e caminho médio, não complexidade ciclomática/NPath; exige análise de variáveis não usadas ligada"
C20,Excessive Class Complexity,PHPMD,ExcessiveClassComplexity,codesize,total,Sim,Sim,≥ 50 WMC (maximum=50),https://github.com/phpmd/phpmd/blob/2.15.0/src/main/resources/rulesets/codesize.xml,soma das complexidades dos métodos; confirmado em execução
C20,Excessive Class Complexity,PHPCS,—,,—,Não,Não,,https://github.com/PHPCSStandards/PHP_CodeSniffer/tree/4.0.4/src/Standards,sem regra correspondente
C20,Excessive Class Complexity,SonarQube,php:S1311 — Cyclomatic Complexity of classes should not be too high,Code Smell / Critical / tags: brain-overload / DEPRECATED,total,Não,Sim,> 200 de complexidade ciclomática na classe (max=200),https://github.com/SonarSource/sonar-php/blob/3.60.0.16641/php-checks/src/main/resources/org/sonar/l10n/php/rules/php/S1311.json ; https://github.com/SonarSource/sonar-php/blob/3.60.0.16641/php-checks/src/main/java/org/sonar/php/checks/ClassComplexityCheck.java,"regra DEPRECATED (será removida), mas ainda ativável"
C20,Excessive Class Complexity,PHPStan,—,—,—,Não,Não,,https://phpstan.org/user-guide/rule-levels,sem regra correspondente (não há métricas de complexidade)
C20,Excessive Class Complexity,Psalm,—,—,—,Não,Não,,https://psalm.dev/docs/running_psalm/error_levels/,"sem regra correspondente (ComplexMethod é por método, não soma a classe)"
C21,Coupling Between Objects,PHPMD,CouplingBetweenObjects,design,total,Sim,Sim,≥ 13 dependências (maximum=13),https://github.com/phpmd/phpmd/blob/2.15.0/src/main/resources/rulesets/design.xml,dispara em CBO >= limiar; confirmado em execução
C21,Coupling Between Objects,PHPCS,—,,—,Não,Não,,https://github.com/PHPCSStandards/PHP_CodeSniffer/tree/4.0.4/src/Standards,sem regra correspondente
C21,Coupling Between Objects,SonarQube,php:S1200 — Classes should not be coupled to too many other classes,Code Smell / Major / tags: brain-overload,total,Não,Sim,> 20 classes das quais depende (max=20),https://github.com/SonarSource/sonar-php/blob/3.60.0.16641/php-checks/src/main/resources/org/sonar/l10n/php/rules/php/S1200.json ; https://github.com/SonarSource/sonar-php/blob/3.60.0.16641/php-checks/src/main/java/org/sonar/php/checks/ClassCouplingCheck.java,
C21,Coupling Between Objects,PHPStan,—,—,—,Não,Não,,https://phpstan.org/user-guide/rule-levels,sem regra correspondente (não há métricas de acoplamento/herança)
C21,Coupling Between Objects,Psalm,—,—,—,Não,Não,,https://psalm.dev/docs/running_psalm/error_levels/,sem regra correspondente (não há métricas de acoplamento/herança)
C22,Depth of Inheritance,PHPMD,DepthOfInheritance,design,total,Sim,Sim,≥ 6 níveis (minimum=6),https://github.com/phpmd/phpmd/blob/2.15.0/src/main/resources/rulesets/design.xml,dispara com 6 ancestrais; confirmado em execução
C22,Depth of Inheritance,PHPCS,—,,—,Não,Não,,https://github.com/PHPCSStandards/PHP_CodeSniffer/tree/4.0.4/src/Standards,sem regra correspondente
C22,Depth of Inheritance,SonarQube,php:S110 — Inheritance tree of classes should not be too deep,Code Smell / Major,total,Sim,Sim,> 5 classes-pai (max=5; filteredClasses vazio),https://github.com/SonarSource/sonar-php/blob/3.60.0.16641/php-checks/src/main/resources/org/sonar/l10n/php/rules/php/S110.json ; https://github.com/SonarSource/sonar-php/blob/3.60.0.16641/php-checks/src/main/java/org/sonar/php/checks/InheritanceDepthCheck.java,
C22,Depth of Inheritance,PHPStan,—,—,—,Não,Não,,https://phpstan.org/user-guide/rule-levels,sem regra correspondente (não há métricas de acoplamento/herança)
C22,Depth of Inheritance,Psalm,—,—,—,Não,Não,,https://psalm.dev/docs/running_psalm/error_levels/,sem regra correspondente (não há métricas de acoplamento/herança)
C23,Number of Children,PHPMD,NumberOfChildren,design,total,Sim,Sim,≥ 15 subclasses (minimum=15),https://github.com/phpmd/phpmd/blob/2.15.0/src/main/resources/rulesets/design.xml,dispara com 15 filhas; confirmado em execução
C23,Number of Children,PHPCS,—,,—,Não,Não,,https://github.com/PHPCSStandards/PHP_CodeSniffer/tree/4.0.4/src/Standards,sem regra correspondente
C23,Number of Children,SonarQube,—,,—,Não,Não,,,sem regra correspondente; nenhuma regra conta subclasses
C23,Number of Children,PHPStan,—,—,—,Não,Não,,https://phpstan.org/user-guide/rule-levels,sem regra correspondente (não há métricas de acoplamento/herança)
C23,Number of Children,Psalm,—,—,—,Não,Não,,https://psalm.dev/docs/running_psalm/error_levels/,sem regra correspondente (não há métricas de acoplamento/herança)
C24,Duplicate Code,PHPMD,—,,—,Não,Não,,https://github.com/phpmd/phpmd/tree/2.15.0/src/main/resources/rulesets,"sem regra correspondente; DuplicatedArrayKey (cleancode) só acusa chave repetida em array literal; clones eram do PHPCPD, projeto separado e arquivado"
C24,Duplicate Code,PHPCS,—,,—,Não,Não,,https://github.com/PHPCSStandards/PHP_CodeSniffer/tree/4.0.4/src/Standards,sem regra correspondente; Generic.Classes.DuplicateClassName e Squiz.Functions.FunctionDuplicateArgument não detectam clones
C24,Duplicate Code,SonarQube,php:S4144 — Methods should not have identical implementations,"Code Smell / Major / tags: confusing,duplicate,suspicious",parcial,Sim,Sim,≥ 2 instruções no corpo,https://github.com/SonarSource/sonar-php/blob/3.60.0.16641/php-checks/src/main/resources/org/sonar/l10n/php/rules/php/S4144.json ; https://github.com/SonarSource/sonar-php/blob/3.60.0.16641/php-checks/src/main/java/org/sonar/php/checks/DuplicatedMethodCheck.java,"parcial: só métodos inteiros com implementação idêntica na mesma classe (e funções idênticas no mesmo arquivo); não vê blocos repetidos dentro de métodos diferentes nem clones entre classes. Incluída por decisão do autor (25/09/2026); a detecção de duplicação da plataforma (métrica, sem aviso) continua sem contar"
C24,Duplicate Code,PHPStan,—,—,—,Não,Não,,https://github.com/phpstan/phpstan-src/blob/2.2.16/src/Rules/Classes/DuplicateDeclarationHelper.php,"sem regra correspondente; quase: *.duplicateMethod/*.duplicateProperty/function.duplicate acusam declaração duplicada, não código clonado"
C24,Duplicate Code,Psalm,—,—,—,Não,Não,,https://psalm.dev/docs/running_psalm/issues/DuplicateMethod/,"sem regra correspondente; quase: DuplicateMethod/DuplicateFunction/DuplicateClass/DuplicateArrayKey acusam redeclaração, não código clonado"
C25,Unused Private Field,PHPMD,UnusedPrivateField,unusedcode,total,Sim,Sim,,https://github.com/phpmd/phpmd/blob/2.15.0/src/main/resources/rulesets/unusedcode.xml,confirmado em execução
C25,Unused Private Field,PHPCS,—,,—,Não,Não,,https://github.com/PHPCSStandards/PHP_CodeSniffer/tree/4.0.4/src/Standards,sem regra correspondente
C25,Unused Private Field,SonarQube,"php:S1068 — Unused ""private"" fields should be removed",Code Smell / Major / tags: unused,total,Sim,Sim,,https://github.com/SonarSource/sonar-php/blob/3.60.0.16641/php-checks/src/main/resources/org/sonar/l10n/php/rules/php/S1068.json ; https://github.com/SonarSource/sonar-php/blob/3.60.0.16641/php-checks/src/main/java/org/sonar/php/checks/UnusedPrivateFieldCheck.java,
C25,Unused Private Field,PHPStan,property.unused — propriedade privada nunca lida nem escrita,nível 4,total,Não,Sim,,https://phpstan.org/error-identifiers/property.unused,UnusedPrivatePropertyRule (#[RegisteredRule(level: 4)]); confirmado em teste
C25,Unused Private Field,PHPStan,"property.onlyWritten — propriedade privada só escrita, nunca lida",nível 4,total,Não,Sim,,https://phpstan.org/error-identifiers/property.onlyWritten,mesma regra; cobre o campo atribuído mas nunca usado
C25,Unused Private Field,Psalm,UnusedProperty — propriedade privada sem referências (uso só no construtor conta como não usada),findUnusedCode (padrão true no Psalm 6); qualquer errorLevel,total,Sim,Sim,,https://psalm.dev/docs/running_psalm/issues/UnusedProperty/,só é verificada se a classe é referenciada; classe não usada gera UnusedClass e os membros não são checados
C26,Unused Private Method,PHPMD,UnusedPrivateMethod,unusedcode,total,Sim,Sim,,https://github.com/phpmd/phpmd/blob/2.15.0/src/main/resources/rulesets/unusedcode.xml,confirmado em execução
C26,Unused Private Method,PHPCS,—,,—,Não,Não,,https://github.com/PHPCSStandards/PHP_CodeSniffer/tree/4.0.4/src/Standards,sem regra correspondente
C26,Unused Private Method,SonarQube,"php:S1144 — Unused ""private"" methods should be removed",Code Smell / Major / tags: unused,total,Sim,Sim,,https://github.com/SonarSource/sonar-php/blob/3.60.0.16641/php-checks/src/main/resources/org/sonar/l10n/php/rules/php/S1144.json ; https://github.com/SonarSource/sonar-php/blob/3.60.0.16641/php-checks/src/main/java/org/sonar/php/checks/UnusedPrivateMethodCheck.java,
C26,Unused Private Method,PHPStan,method.unused — método privado nunca chamado,nível 4,total,Não,Sim,,https://phpstan.org/error-identifiers/method.unused,UnusedPrivateMethodRule (#[RegisteredRule(level: 4)]); confirmado em teste
C26,Unused Private Method,Psalm,UnusedMethod — método privado (ou função) sem chamadas,findUnusedCode (padrão true no Psalm 6); qualquer errorLevel,total,Sim,Sim,,https://psalm.dev/docs/running_psalm/issues/UnusedMethod/,só é verificado se a classe é referenciada (senão UnusedClass)
C27,Unused Local Variable,PHPMD,UnusedLocalVariable,unusedcode,total,Sim,Sim,,https://github.com/phpmd/phpmd/blob/2.15.0/src/main/resources/rulesets/unusedcode.xml,allow-unused-foreach-variables=false; confirmado em execução
C27,Unused Local Variable,PHPCS,—,,—,Não,Não,,https://github.com/PHPCSStandards/PHP_CodeSniffer/tree/4.0.4/src/Standards,sem regra correspondente
C27,Unused Local Variable,SonarQube,php:S1481 — Unused local variables should be removed,Code Smell / Minor / tags: unused,total,Sim,Sim,,https://github.com/SonarSource/sonar-php/blob/3.60.0.16641/php-checks/src/main/resources/org/sonar/l10n/php/rules/php/S1481.json ; https://github.com/SonarSource/sonar-php/blob/3.60.0.16641/php-checks/src/main/java/org/sonar/php/checks/UnusedLocalVariableCheck.java,"relacionada: php:S1854 (atribuição inútil, Sonar way)"
C27,Unused Local Variable,PHPStan,—,—,—,Não,Não,,https://github.com/phpstan/phpstan-src/blob/2.2.16/src/Rules/Functions/UnusedClosureUsesRule.php,"sem regra correspondente (confirmado em teste nos níveis 0, 8 e max); quase: closure.unusedUse (nível 1) só para variável em use() de closure"
C27,Unused Local Variable,Psalm,UnusedVariable — variável atribuída e nunca referenciada,findUnusedCode ou findUnusedVariablesAndParams; qualquer errorLevel,total,Sim,Sim,,https://psalm.dev/docs/running_psalm/issues/UnusedVariable/,confirmado em teste; nomes iniciados por $_ são ignorados
C27,Unused Local Variable,Psalm,UnusedForeachValue — variável de valor do foreach nunca usada,findUnusedCode ou findUnusedVariablesAndParams; qualquer errorLevel,total,Sim,Sim,,https://psalm.dev/docs/running_psalm/issues/UnusedForeachValue/,caso particular de variável local não usada
C28,Unused Formal Parameter,PHPMD,UnusedFormalParameter,unusedcode,total,Sim,Sim,,https://github.com/phpmd/phpmd/blob/2.15.0/src/main/resources/rulesets/unusedcode.xml,confirmado em execução
C28,Unused Formal Parameter,PHPCS,Generic.CodeAnalysis.UnusedFunctionParameter,Generic,total,Não,Sim,,https://github.com/PHPCSStandards/PHP_CodeSniffer/blob/4.0.4/src/Standards/Generic/Sniffs/CodeAnalysis/UnusedFunctionParameterSniff.php,"aviso; códigos Found, FoundBeforeLastUsed, FoundAfterLastUsed, FoundInExtendedClass...; confirmado em execução; PEAR (padrão até 3.x): Não"
C28,Unused Formal Parameter,SonarQube,php:S1172 — Unused function parameters should be removed,Code Smell / Major / tags: unused,total,Sim,Sim,,https://github.com/SonarSource/sonar-php/blob/3.60.0.16641/php-checks/src/main/resources/org/sonar/l10n/php/rules/php/S1172.json ; https://github.com/SonarSource/sonar-php/blob/3.60.0.16641/php-checks/src/main/java/org/sonar/php/checks/UnusedFunctionParametersCheck.java,"ignora métodos que sobrescrevem/implementam outro, métodos não privados de classes abstratas, métodos mágicos (exceto __construct), funções que usam func_get_args() e plugins Magento"
C28,Unused Formal Parameter,PHPStan,constructor.unusedParameter — parâmetro de construtor nunca usado,nível 1,parcial,Não,Sim,,https://phpstan.org/error-identifiers/constructor.unusedParameter,parcial: só construtores; parâmetros não usados de outros métodos/funções não são acusados (confirmado em teste)
C28,Unused Formal Parameter,Psalm,"UnusedParam — parâmetro não usado em método privado, método final ou função",findUnusedCode ou findUnusedVariablesAndParams; qualquer errorLevel,total,Sim,Sim,,https://psalm.dev/docs/running_psalm/issues/UnusedParam/,em privados/funções só acusa parâmetros finais (do último para trás até o primeiro usado); confirmado em teste
C28,Unused Formal Parameter,Psalm,PossiblyUnusedParam — parâmetro não usado em método público/protegido não final,findUnusedCode; qualquer errorLevel,total,Sim,Sim,,https://psalm.dev/docs/running_psalm/issues/PossiblyUnusedParam/,qualquer posição; ignorado se o método é sobrescrito
C28,Unused Formal Parameter,Psalm,UnusedClosureParam — parâmetro de closure não usado,findUnusedCode ou findUnusedVariablesAndParams; qualquer errorLevel,total,Sim,Sim,,https://psalm.dev/docs/running_psalm/issues/UnusedClosureParam/,só closures
C29,Empty Catch Block,PHPMD,EmptyCatchBlock,design,total,Sim,Sim,,https://github.com/phpmd/phpmd/blob/2.15.0/src/main/resources/rulesets/design.xml,confirmado em execução
C29,Empty Catch Block,PHPCS,Generic.CodeAnalysis.EmptyStatement.DetectedCatch,"Generic, Squiz",total,Não,Sim,,https://github.com/PHPCSStandards/PHP_CodeSniffer/blob/4.0.4/src/Standards/Generic/Sniffs/CodeAnalysis/EmptyStatementSniff.php,"o ruleset Squiz tenta silenciá-lo (DetectedCATCH, severity 0), mas no 4.0.4 o código foi emitido com --standard=Squiz; PEAR (padrão até 3.x): Não"
C29,Empty Catch Block,PHPCS,Squiz.Commenting.EmptyCatchComment.Missing,Squiz,total,Não,Sim,,https://github.com/PHPCSStandards/PHP_CodeSniffer/blob/4.0.4/src/Standards/Squiz/Sniffs/Commenting/EmptyCatchCommentSniff.php,catch vazio sem comentário explicativo; PEAR (padrão até 3.x): Não
C29,Empty Catch Block,SonarQube,php:S108 — Nested blocks of code should not be left empty,Code Smell / Major / tags: suspicious,total,Sim,Sim,,https://github.com/SonarSource/sonar-php/blob/3.60.0.16641/php-checks/src/main/resources/org/sonar/l10n/php/rules/php/S108.json ; https://github.com/SonarSource/sonar-php/blob/3.60.0.16641/php-checks/src/main/java/org/sonar/php/checks/EmptyNestedBlockCheck.java,"cobre catch vazio (bloco genérico), mas ignora blocos que contêm comentário; relacionada: php:S2737 (catch que só relança)"
C29,Empty Catch Block,PHPStan,—,—,—,Não,Não,,https://phpstan.org/error-identifiers/catch.neverThrown,"sem regra correspondente; quase: catch.neverThrown (nível 4) acusa catch de exceção nunca lançada, não bloco vazio"
C29,Empty Catch Block,Psalm,—,—,—,Não,Não,,https://psalm.dev/docs/running_psalm/error_levels/,sem regra correspondente (InvalidCatch trata tipo não Throwable)
C30,Missing Function Comments,PHPMD,—,,—,Não,Não,,https://github.com/phpmd/phpmd/tree/2.15.0/src/main/resources/rulesets,sem regra correspondente; não verifica comentários de documentação
C30,Missing Function Comments,PHPCS,PEAR.Commenting.FunctionComment.Missing,PEAR,total,Não,Sim,,https://github.com/PHPCSStandards/PHP_CodeSniffer/blob/4.0.4/src/Standards/PEAR/Sniffs/Commenting/FunctionCommentSniff.php,confirmado em execução; PEAR (padrão até 3.x): Sim
C30,Missing Function Comments,PHPCS,Squiz.Commenting.FunctionComment.Missing,Squiz,total,Não,Sim,,https://github.com/PHPCSStandards/PHP_CodeSniffer/blob/4.0.4/src/Standards/Squiz/Sniffs/Commenting/FunctionCommentSniff.php,confirmado em execução; PEAR (padrão até 3.x): Não
C30,Missing Function Comments,SonarQube,—,,—,Não,Não,,,sem regra correspondente; o analisador PHP não tem regras de PHPDoc
C30,Missing Function Comments,PHPStan,—,—,—,Não,Não,,https://phpstan.org/error-identifiers/missingType.parameter,"sem regra correspondente; quase: missingType.parameter/missingType.return (nível 6) exigem tipo, satisfeito por tipo nativo sem comentário"
C30,Missing Function Comments,Psalm,—,—,—,Não,Não,,https://psalm.dev/docs/running_psalm/issues/MissingParamType/,"sem regra correspondente; quase: MissingParamType/MissingReturnType exigem tipo, não comentário"
C31,Missing @Return Tag in Comments,PHPMD,—,,—,Não,Não,,https://github.com/phpmd/phpmd/tree/2.15.0/src/main/resources/rulesets,sem regra correspondente; não verifica comentários de documentação
C31,Missing @Return Tag in Comments,PHPCS,PEAR.Commenting.FunctionComment.MissingReturn,PEAR,total,Não,Sim,,https://github.com/PHPCSStandards/PHP_CodeSniffer/blob/4.0.4/src/Standards/PEAR/Sniffs/Commenting/FunctionCommentSniff.php,confirmado em execução; PEAR (padrão até 3.x): Sim
C31,Missing @Return Tag in Comments,PHPCS,Squiz.Commenting.FunctionComment.MissingReturn,Squiz,total,Não,Sim,,https://github.com/PHPCSStandards/PHP_CodeSniffer/blob/4.0.4/src/Standards/Squiz/Sniffs/Commenting/FunctionCommentSniff.php,confirmado em execução; PEAR (padrão até 3.x): Não
C31,Missing @Return Tag in Comments,SonarQube,—,,—,Não,Não,,,sem regra correspondente; o analisador PHP não tem regras de PHPDoc
C31,Missing @Return Tag in Comments,PHPStan,missingType.return — função/método sem tipo de retorno nativo nem @return,nível 6,parcial,Não,Sim,,https://phpstan.org/error-identifiers/missingType.return,parcial: um tipo de retorno nativo satisfaz a regra mesmo sem @return
C31,Missing @Return Tag in Comments,Psalm,MissingReturnType — função/método sem tipo de retorno (assinatura ou docblock),errorLevel 1–2 (ERROR_LEVEL = 2),parcial,Sim,Sim,,https://psalm.dev/docs/running_psalm/issues/MissingReturnType/,"parcial: tipo nativo satisfaz; ativa no padrão só porque o nível sem errorLevel é 2 (se a opção init detectar nível ≥ 3, some)"
C32,Poorly Grouped Parameter Tags,PHPMD,—,,—,Não,Não,,https://github.com/phpmd/phpmd/tree/2.15.0/src/main/resources/rulesets,sem regra correspondente; não verifica comentários de documentação
C32,Poorly Grouped Parameter Tags,PHPCS,Generic.Commenting.DocComment.NonParamGroup,"Generic, PEAR, Squiz",total,Não,Sim,,https://github.com/PHPCSStandards/PHP_CodeSniffer/blob/4.0.4/src/Standards/Generic/Sniffs/Commenting/DocCommentSniff.php,"emite a mensagem original ""Tag %s cannot be grouped with parameter tags in a doc comment""; PEAR (padrão até 3.x): Sim"
C32,Poorly Grouped Parameter Tags,PHPCS,Generic.Commenting.DocComment.ParamGroup,"Generic, PEAR, Squiz",total,Não,Sim,,https://github.com/PHPCSStandards/PHP_CodeSniffer/blob/4.0.4/src/Standards/Generic/Sniffs/Commenting/DocCommentSniff.php,"""Parameter tags must be grouped together in a doc comment""; verificado no código-fonte, não reproduzido; PEAR (padrão até 3.x): Sim"
C32,Poorly Grouped Parameter Tags,PHPCS,Generic.Commenting.DocComment.ParamNotFirst,"Generic, PEAR, Squiz",total,Não,Sim,,https://github.com/PHPCSStandards/PHP_CodeSniffer/blob/4.0.4/src/Standards/Generic/Sniffs/Commenting/DocCommentSniff.php,"""Parameter tags must be defined first in a doc comment""; verificado no código-fonte, não reproduzido; PEAR (padrão até 3.x): Sim"
C32,Poorly Grouped Parameter Tags,SonarQube,—,,—,Não,Não,,,sem regra correspondente; o analisador PHP não tem regras de PHPDoc
C32,Poorly Grouped Parameter Tags,PHPStan,—,—,—,Não,Não,,https://phpstan.org/user-guide/rule-levels,sem regra correspondente
C32,Poorly Grouped Parameter Tags,Psalm,—,—,—,Não,Não,,https://github.com/vimeo/psalm/blob/6.18.0/src/Psalm/Internal/PhpVisitor/Reflector/FunctionLikeDocblockParser.php,"sem regra correspondente; quase: @param duplicado vira InvalidDocblock (checkDuplicatedParams), não agrupamento"
C33,Comment Style (/**),PHPMD,—,,—,Não,Não,,https://github.com/phpmd/phpmd/tree/2.15.0/src/main/resources/rulesets,sem regra correspondente; não verifica comentários de documentação
C33,Comment Style (/**),PHPCS,PEAR.Commenting.FunctionComment.WrongStyle,PEAR,total,Não,Sim,,https://github.com/PHPCSStandards/PHP_CodeSniffer/blob/4.0.4/src/Standards/PEAR/Sniffs/Commenting/FunctionCommentSniff.php,"""You must use ""/**"" style comments for a function comment""; confirmado em execução; PEAR (padrão até 3.x): Sim"
C33,Comment Style (/**),PHPCS,PEAR.Commenting.ClassComment.WrongStyle,PEAR,total,Não,Sim,,https://github.com/PHPCSStandards/PHP_CodeSniffer/blob/4.0.4/src/Standards/PEAR/Sniffs/Commenting/ClassCommentSniff.php,mesma verificação para classes; confirmado em execução; PEAR (padrão até 3.x): Sim
C33,Comment Style (/**),PHPCS,PEAR.Commenting.FileComment.WrongStyle,PEAR,total,Não,Sim,,https://github.com/PHPCSStandards/PHP_CodeSniffer/blob/4.0.4/src/Standards/PEAR/Sniffs/Commenting/FileCommentSniff.php,mesma verificação para o arquivo; confirmado em execução; PEAR (padrão até 3.x): Sim
C33,Comment Style (/**),PHPCS,Squiz.Commenting.FunctionComment.WrongStyle,Squiz,total,Não,Sim,,https://github.com/PHPCSStandards/PHP_CodeSniffer/blob/4.0.4/src/Standards/Squiz/Sniffs/Commenting/FunctionCommentSniff.php,confirmado em execução; PEAR (padrão até 3.x): Não
C33,Comment Style (/**),PHPCS,Squiz.Commenting.ClassComment.WrongStyle,Squiz,total,Não,Sim,,https://github.com/PHPCSStandards/PHP_CodeSniffer/blob/4.0.4/src/Standards/Squiz/Sniffs/Commenting/ClassCommentSniff.php,mesma verificação para classes; confirmado em execução; PEAR (padrão até 3.x): Não
C33,Comment Style (/**),PHPCS,Squiz.Commenting.FileComment.WrongStyle,Squiz,total,Não,Sim,,https://github.com/PHPCSStandards/PHP_CodeSniffer/blob/4.0.4/src/Standards/Squiz/Sniffs/Commenting/FileCommentSniff.php,mesma verificação para o arquivo; confirmado em execução; PEAR (padrão até 3.x): Não
C33,Comment Style (/**),PHPCS,Squiz.Commenting.VariableComment.WrongStyle,Squiz,total,Não,Sim,,https://github.com/PHPCSStandards/PHP_CodeSniffer/blob/4.0.4/src/Standards/Squiz/Sniffs/Commenting/VariableCommentSniff.php,mesma verificação para atributos; confirmado em execução; PEAR (padrão até 3.x): Não
C33,Comment Style (/**),SonarQube,—,,—,Não,Não,,https://github.com/SonarSource/sonar-php/blob/3.60.0.16641/php-checks/src/main/resources/org/sonar/l10n/php/rules/php/S2046.json,sem regra correspondente; o analisador PHP não tem regras de PHPDoc; quase: php:S2046 (comentários estilo Perl #)
C33,Comment Style (/**),PHPStan,—,—,—,Não,Não,,https://github.com/phpstan/phpstan-src/blob/2.2.16/src/Rules/Playground/PhpdocCommentRule.php,"sem regra correspondente nos níveis; quase: phpstanPlayground.phpDoc (""Comment contains PHPDoc tag but does not start with /**"") existe só no playground online"
C33,Comment Style (/**),Psalm,—,—,—,Não,Não,,https://github.com/vimeo/psalm/blob/6.18.0/src/Psalm/Internal/Scanner/DocblockParser.php,sem regra correspondente (só lê comentários /**; os demais são ignorados sem aviso)
C34,Missing Parameter Name,PHPMD,—,,—,Não,Não,,https://github.com/phpmd/phpmd/tree/2.15.0/src/main/resources/rulesets,sem regra correspondente; não verifica comentários de documentação
C34,Missing Parameter Name,PHPCS,PEAR.Commenting.FunctionComment.MissingParamName,PEAR,total,Não,Sim,,https://github.com/PHPCSStandards/PHP_CodeSniffer/blob/4.0.4/src/Standards/PEAR/Sniffs/Commenting/FunctionCommentSniff.php,"emite a mensagem original ""Missing parameter name""; confirmado em execução; PEAR (padrão até 3.x): Sim"
C34,Missing Parameter Name,PHPCS,Squiz.Commenting.FunctionComment.MissingParamName,Squiz,total,Não,Sim,,https://github.com/PHPCSStandards/PHP_CodeSniffer/blob/4.0.4/src/Standards/Squiz/Sniffs/Commenting/FunctionCommentSniff.php,mesma mensagem; confirmado em execução; PEAR (padrão até 3.x): Não
C34,Missing Parameter Name,SonarQube,—,,—,Não,Não,,,sem regra correspondente; o analisador PHP não tem regras de PHPDoc
C34,Missing Parameter Name,PHPStan,"phpDoc.parseError — tag PHPDoc inválida; @param sem $nome falha no parser (""expected variable"")",nível 2,total,Não,Sim,,https://phpstan.org/error-identifiers/phpDoc.parseError,InvalidPhpDocTagValueRule (level 2); phpdoc-parser 2.3.5 exige o nome (parseRequiredVariableName); confirmado em teste com e sem descrição
C34,Missing Parameter Name,Psalm,"InvalidDocblock — ""Badly-formatted @param"" quando a tag só tem o tipo",errorLevel 1–4 (ERROR_LEVEL = 4),parcial,Sim,Sim,,https://psalm.dev/docs/running_psalm/issues/InvalidDocblock/,"parcial: ""@param int descrição"" (sem $nome, com texto) é ignorado em silêncio; confirmado em teste"
C35,Brace Placement Rules,PHPMD,—,,—,Não,Não,,https://github.com/phpmd/phpmd/tree/2.15.0/src/main/resources/rulesets,sem regra correspondente; não verifica estilo/formatação
C35,Brace Placement Rules,PHPCS,Generic.Functions.OpeningFunctionBraceBsdAllman.BraceOnSameLine,"Generic, Zend",total,Não,Sim,,https://github.com/PHPCSStandards/PHP_CodeSniffer/blob/4.0.4/src/Standards/Generic/Sniffs/Functions/OpeningFunctionBraceBsdAllmanSniff.php,"sniff que define a mensagem original ""Opening brace should be on a new line""; confirmado em execução; PEAR (padrão até 3.x): Não"
C35,Brace Placement Rules,PHPCS,PEAR.Functions.FunctionDeclaration.BraceOnSameLine,PEAR,total,Não,Sim,,https://github.com/PHPCSStandards/PHP_CodeSniffer/blob/4.0.4/src/Standards/PEAR/Sniffs/Functions/FunctionDeclarationSniff.php,delega ao BsdAllman; mesma mensagem; confirmado em execução; PEAR (padrão até 3.x): Sim
C35,Brace Placement Rules,PHPCS,Squiz.Functions.MultiLineFunctionDeclaration.BraceOnSameLine,"PSR2, PSR12, Squiz",total,Sim,Sim,,https://github.com/PHPCSStandards/PHP_CodeSniffer/blob/4.0.4/src/Standards/Squiz/Sniffs/Functions/MultiLineFunctionDeclarationSniff.php,"herda do PEAR; mesma mensagem, ativa no PSR12; confirmado em execução; PEAR (padrão até 3.x): Não"
C35,Brace Placement Rules,PHPCS,Generic.Functions.OpeningFunctionBraceKernighanRitchie.BraceOnNewLine,Generic,total,Não,Sim,,https://github.com/PHPCSStandards/PHP_CodeSniffer/blob/4.0.4/src/Standards/Generic/Sniffs/Functions/OpeningFunctionBraceKernighanRitchieSniff.php,convenção oposta (exige chave na mesma linha); confirmado em execução; PEAR (padrão até 3.x): Não
C35,Brace Placement Rules,PHPCS,PEAR.Classes.ClassDeclaration.OpenBraceNewLine,"PEAR, Zend",total,Não,Sim,,https://github.com/PHPCSStandards/PHP_CodeSniffer/blob/4.0.4/src/Standards/PEAR/Sniffs/Classes/ClassDeclarationSniff.php,chave de classe; confirmado em execução; PEAR (padrão até 3.x): Sim
C35,Brace Placement Rules,PHPCS,PSR2.Classes.ClassDeclaration.OpenBraceNewLine,"PSR2, PSR12",total,Sim,Sim,,https://github.com/PHPCSStandards/PHP_CodeSniffer/blob/4.0.4/src/Standards/PSR2/Sniffs/Classes/ClassDeclarationSniff.php,herdado de PEAR.Classes.ClassDeclaration; confirmado em execução; PEAR (padrão até 3.x): Não
C35,Brace Placement Rules,PHPCS,Squiz.Classes.ClassDeclaration.OpenBraceNewLine,Squiz,total,Não,Sim,,https://github.com/PHPCSStandards/PHP_CodeSniffer/blob/4.0.4/src/Standards/Squiz/Sniffs/Classes/ClassDeclarationSniff.php,herdado de PSR2.Classes.ClassDeclaration; confirmado em execução; PEAR (padrão até 3.x): Não
C35,Brace Placement Rules,PHPCS,Generic.Classes.OpeningBraceSameLine.BraceOnNewLine,Generic,total,Não,Sim,,https://github.com/PHPCSStandards/PHP_CodeSniffer/blob/4.0.4/src/Standards/Generic/Sniffs/Classes/OpeningBraceSameLineSniff.php,convenção oposta para classes; PEAR (padrão até 3.x): Não
C35,Brace Placement Rules,PHPCS,Squiz.ControlStructures.ControlSignature.SpaceAfterCloseParenthesis,"PSR2, PSR12, Squiz",parcial,Sim,Sim,,https://github.com/PHPCSStandards/PHP_CodeSniffer/blob/4.0.4/src/Standards/Squiz/Sniffs/ControlStructures/ControlSignatureSniff.php ; https://github.com/PHPCSStandards/PHP_CodeSniffer/blob/4.0.4/src/Standards/PSR12/ruleset.xml,"parcial: só chaves de estruturas de controle; acusa ""Expected 1 space after closing parenthesis; found newline"" quando a chave de abertura vai para a linha seguinte. Incluída por decisão do autor (25/09/2026), para a C35 v3"
C35,Brace Placement Rules,PHPCS,PEAR.ControlStructures.ControlSignature.Found,"PEAR, Zend",parcial,Não,Sim,,https://github.com/PHPCSStandards/PHP_CodeSniffer/blob/4.0.4/src/Standards/PEAR/Sniffs/ControlStructures/ControlSignatureSniff.php ; https://github.com/PHPCSStandards/PHP_CodeSniffer/blob/4.0.4/src/Sniffs/AbstractPatternSniff.php,"parcial: só chaves de estruturas de controle; sniff de padrões (ex.: ""if (...) {EOL"") que acusa ""Expected ...; found ..."" com o código Found. Incluída junto com a regra do Squiz (decisão do autor, 25/09/2026)"
C35,Brace Placement Rules,SonarQube,php:S1808 — Source code should comply with formatting standards,"Code Smell / Minor / tags: convention,per",total,Não,Sim,open_curly_brace_classes_functions=true; open_curly_brace_control_structures=true (padrão PER),https://github.com/SonarSource/sonar-php/blob/3.60.0.16641/php-checks/src/main/resources/org/sonar/l10n/php/rules/php/S1808.json ; https://github.com/SonarSource/sonar-php/blob/3.60.0.16641/php-checks/src/main/java/org/sonar/php/checks/FormattingStandardCheck.java,"regra de formatação agregada (PER): chave em nova linha para classe/função, na mesma linha para estruturas de controle"
C35,Brace Placement Rules,SonarQube,php:S1105 — An open curly brace should be located at the end of a line,Code Smell / Minor / tags: convention,total,Não,Sim,,https://github.com/SonarSource/sonar-php/blob/3.60.0.16641/php-checks/src/main/resources/org/sonar/l10n/php/rules/php/S1105.json ; https://github.com/SonarSource/sonar-php/blob/3.60.0.16641/php-checks/src/main/java/org/sonar/php/checks/LeftCurlyBraceEndsLineCheck.java,exige { no fim da linha; conflita com S1106 e com S1808 em classes/funções
C35,Brace Placement Rules,SonarQube,php:S1106 — An open curly brace should be located at the beginning of a line,Code Smell / Minor / tags: convention,total,Não,Sim,,https://github.com/SonarSource/sonar-php/blob/3.60.0.16641/php-checks/src/main/resources/org/sonar/l10n/php/rules/php/S1106.json ; https://github.com/SonarSource/sonar-php/blob/3.60.0.16641/php-checks/src/main/java/org/sonar/php/checks/LeftCurlyBraceStartsLineCheck.java,exige { no início da linha; conflita com S1105
C35,Brace Placement Rules,SonarQube,php:S1109 — A close curly brace should be located at the beginning of a line,Code Smell / Minor / tags: convention,parcial,Sim,Sim,,https://github.com/SonarSource/sonar-php/blob/3.60.0.16641/php-checks/src/main/resources/org/sonar/l10n/php/rules/php/S1109.json ; https://github.com/SonarSource/sonar-php/blob/3.60.0.16641/php-checks/src/main/java/org/sonar/php/checks/RightCurlyBraceStartsLineCheck.java,parcial: só a chave de fechamento (no início da linha)
C35,Brace Placement Rules,PHPStan,—,—,—,Não,Não,,https://phpstan.org/user-guide/rule-levels,sem regra correspondente (não verifica formatação/estilo)
C35,Brace Placement Rules,Psalm,—,—,—,Não,Não,,https://psalm.dev/docs/running_psalm/error_levels/,sem regra correspondente (não verifica formatação/estilo)
C36,Incorrect Spacing After Commas,PHPMD,—,,—,Não,Não,,https://github.com/phpmd/phpmd/tree/2.15.0/src/main/resources/rulesets,sem regra correspondente; não verifica estilo/formatação
C36,Incorrect Spacing After Commas,PHPCS,Generic.Functions.FunctionCallArgumentSpacing.NoSpaceAfterComma,"Generic, PEAR, PSR2, PSR12, Squiz, Zend",total,Sim,Sim,,https://github.com/PHPCSStandards/PHP_CodeSniffer/blob/4.0.4/src/Standards/Generic/Sniffs/Functions/FunctionCallArgumentSpacingSniff.php,chamadas de função; confirmado em execução; PEAR (padrão até 3.x): Sim
C36,Incorrect Spacing After Commas,PHPCS,Squiz.Functions.FunctionDeclarationArgumentSpacing.NoSpaceBeforeArg,"PSR2, PSR12, Squiz",total,Sim,Sim,,https://github.com/PHPCSStandards/PHP_CodeSniffer/blob/4.0.4/src/Standards/Squiz/Sniffs/Functions/FunctionDeclarationArgumentSpacingSniff.php,declarações de função; confirmado em execução; PEAR (padrão até 3.x): Não
C36,Incorrect Spacing After Commas,PHPCS,Squiz.Functions.FunctionDeclarationArgumentSpacing.NoSpaceBeforeHint,"PSR2, PSR12, Squiz",total,Sim,Sim,,https://github.com/PHPCSStandards/PHP_CodeSniffer/blob/4.0.4/src/Standards/Squiz/Sniffs/Functions/FunctionDeclarationArgumentSpacingSniff.php,"mesmo sniff do NoSpaceBeforeArg, código usado quando o parâmetro seguinte tem tipo declarado (""Expected 1 space between comma and type hint""). Acrescentado depois da execução (L6, 25/09/2026), por decisão do autor: o mapeamento da L4 estava incompleto"
C36,Incorrect Spacing After Commas,PHPCS,Squiz.Arrays.ArrayDeclaration.NoSpaceAfterComma,Squiz,total,Não,Sim,,https://github.com/PHPCSStandards/PHP_CodeSniffer/blob/4.0.4/src/Standards/Squiz/Sniffs/Arrays/ArrayDeclarationSniff.php,só arrays de uma linha dentro de condição/argumento (verificado no código-fonte); PEAR (padrão até 3.x): Não
C36,Incorrect Spacing After Commas,SonarQube,php:S1808 — Source code should comply with formatting standards,"Code Smell / Minor / tags: convention,per",total,Não,Sim,space_comma=true,https://github.com/SonarSource/sonar-php/blob/3.60.0.16641/php-checks/src/main/resources/org/sonar/l10n/php/rules/php/S1808.json ; https://github.com/SonarSource/sonar-php/blob/3.60.0.16641/php-checks/src/main/java/org/sonar/php/checks/FormattingStandardCheck.java,vírgula seguida de um espaço e sem espaço antes
C36,Incorrect Spacing After Commas,PHPStan,—,—,—,Não,Não,,https://phpstan.org/user-guide/rule-levels,sem regra correspondente (não verifica formatação/estilo)
C36,Incorrect Spacing After Commas,Psalm,—,—,—,Não,Não,,https://psalm.dev/docs/running_psalm/error_levels/,sem regra correspondente (não verifica formatação/estilo)
C37,Functions Parentheses on Multiple Lines,PHPMD,—,,—,Não,Não,,https://github.com/phpmd/phpmd/tree/2.15.0/src/main/resources/rulesets,sem regra correspondente; não verifica estilo/formatação
C37,Functions Parentheses on Multiple Lines,PHPCS,PEAR.Functions.FunctionCallSignature,"PEAR, Squiz, Zend",total,Não,Sim,,https://github.com/PHPCSStandards/PHP_CodeSniffer/blob/4.0.4/src/Standards/PEAR/Sniffs/Functions/FunctionCallSignatureSniff.php,"ContentAfterOpenBracket, CloseBracketLine, Indent etc.; confirmado em execução; PEAR (padrão até 3.x): Sim"
C37,Functions Parentheses on Multiple Lines,PHPCS,PSR2.Methods.FunctionCallSignature,"PSR2, PSR12",total,Sim,Sim,,https://github.com/PHPCSStandards/PHP_CodeSniffer/blob/4.0.4/src/Standards/PSR2/Sniffs/Methods/FunctionCallSignatureSniff.php,estende o PEAR; ativo no PSR12; confirmado em execução; PEAR (padrão até 3.x): Não
C37,Functions Parentheses on Multiple Lines,PHPCS,PEAR.Functions.FunctionDeclaration,PEAR,total,Não,Sim,,https://github.com/PHPCSStandards/PHP_CodeSniffer/blob/4.0.4/src/Standards/PEAR/Sniffs/Functions/FunctionDeclarationSniff.php,"declarações multilinha (não chamadas); ex.: CloseBracketLine; PEAR (padrão até 3.x): Sim; fora da definição adotada: C37 trata só de chamadas de função (decisão do autor, 25/09/2026); não entra no esperado"
C37,Functions Parentheses on Multiple Lines,PHPCS,Squiz.Functions.MultiLineFunctionDeclaration,"PSR2, PSR12, Squiz",total,Sim,Sim,,https://github.com/PHPCSStandards/PHP_CodeSniffer/blob/4.0.4/src/Standards/Squiz/Sniffs/Functions/MultiLineFunctionDeclarationSniff.php,"declarações multilinha (não chamadas); ativo no PSR12; PEAR (padrão até 3.x): Não; fora da definição adotada: C37 trata só de chamadas de função (decisão do autor, 25/09/2026); não entra no esperado"
C37,Functions Parentheses on Multiple Lines,SonarQube,php:S1808 — Source code should comply with formatting standards,"Code Smell / Minor / tags: convention,per",total,Não,Sim,function_calls_arguments_indentation=true,https://github.com/SonarSource/sonar-php/blob/3.60.0.16641/php-checks/src/main/resources/org/sonar/l10n/php/rules/php/S1808.json ; https://github.com/SonarSource/sonar-php/blob/3.60.0.16641/php-checks/src/main/java/org/sonar/php/checks/FormattingStandardCheck.java,argumentos de chamada multilinha indentados e parêntese de fechamento na linha seguinte
C37,Functions Parentheses on Multiple Lines,PHPStan,—,—,—,Não,Não,,https://phpstan.org/user-guide/rule-levels,sem regra correspondente (não verifica formatação/estilo)
C37,Functions Parentheses on Multiple Lines,Psalm,—,—,—,Não,Não,,https://psalm.dev/docs/running_psalm/error_levels/,sem regra correspondente (não verifica formatação/estilo)
C38,Blank Line Before Tags,PHPMD,—,,—,Não,Não,,https://github.com/phpmd/phpmd/tree/2.15.0/src/main/resources/rulesets,sem regra correspondente; não verifica comentários de documentação
C38,Blank Line Before Tags,PHPCS,Generic.Commenting.DocComment.SpacingBeforeTags,"Generic, PEAR, Squiz",total,Não,Sim,,https://github.com/PHPCSStandards/PHP_CodeSniffer/blob/4.0.4/src/Standards/Generic/Sniffs/Commenting/DocCommentSniff.php,"emite a mensagem original ""There must be exactly one blank line before the tags in a doc comment""; confirmado em execução; PEAR (padrão até 3.x): Sim"
C38,Blank Line Before Tags,SonarQube,—,,—,Não,Não,,,sem regra correspondente; o analisador PHP não tem regras de PHPDoc
C38,Blank Line Before Tags,PHPStan,—,—,—,Não,Não,,https://phpstan.org/user-guide/rule-levels,sem regra correspondente (não verifica formatação/estilo)
C38,Blank Line Before Tags,Psalm,—,—,—,Não,Não,,https://psalm.dev/docs/running_psalm/error_levels/,sem regra correspondente (não verifica formatação/estilo)
